row_id,character,unicode_codepoint,scope,candidate_structure_label,candidate_decomposition,direct_component_candidates,radical,standard_evidence_status,existing_score,existing_max,component_validity_score,component_validity_status,radical_validity_score,radical_validity_status,structure_first_decomposition_score,structure_first_decomposition_status,newly_assigned_score,assigned_score,formal_total,row_score_status,remaining_blocked_items,cnbe_write_status,database_rebuild_status,review_notice
8105_core_control_001,㑇,U+3447,8105_national_standard_core,,,,,REVIEW_REQUIRED,6,6,0,NOT_SCORABLE_COMPONENT_EVIDENCE_GAP,0,NOT_SCORABLE_RADICAL_EVIDENCE_GAP,0,NOT_SCORABLE_STRUCTURE_DECOMPOSITION_EVIDENCE_GAP,0,6,50,PARTIAL_SCORE_ONLY_REMAINING_STRUCTURE_ITEMS_BLOCKED,stroke_shape;component_name_validity;independent_character_rule;component_validity;radical_validity;structure_first_decomposition,NO_CNBE_WRITE,NO_DATABASE_REBUILD,GF0017_STRUCTURE_ITEM_SCORING_ONLY_NOT_ENCODING
8105_core_control_002,三,U+4E09,8105_national_standard_core,上下,⿱一二,一 二,一,COMPLETE,6,6,3,PASS_NATIONAL_STANDARD_COMPONENT_CANDIDATE,3,PASS_NATIONAL_STANDARD_RADICAL_CANDIDATE,20,PASS_NATIONAL_STANDARD_STRUCTURE_DECOMPOSITION_CANDIDATE,26,32,50,STRUCTURE_ITEMS_SCORED_REMAINING_ITEMS_BLOCKED,stroke_shape;component_name_validity;independent_character_rule,NO_CNBE_WRITE,NO_DATABASE_REBUILD,GF0017_STRUCTURE_ITEM_SCORING_ONLY_NOT_ENCODING
8105_core_control_003,亡,U+4EA1,8105_national_standard_core,上下,⿱亠?,亠,亠,REVIEW_REQUIRED,6,6,0,NOT_SCORABLE_COMPONENT_EVIDENCE_GAP,0,NOT_SCORABLE_RADICAL_EVIDENCE_GAP,0,NOT_SCORABLE_STRUCTURE_DECOMPOSITION_EVIDENCE_GAP,0,6,50,PARTIAL_SCORE_ONLY_REMAINING_STRUCTURE_ITEMS_BLOCKED,stroke_shape;component_name_validity;independent_character_rule;component_validity;radical_validity;structure_first_decomposition,NO_CNBE_WRITE,NO_DATABASE_REBUILD,GF0017_STRUCTURE_ITEM_SCORING_ONLY_NOT_ENCODING
8105_core_control_004,伥,U+4F25,8105_national_standard_core,左右,⿰亻长,亻 长,亻,COMPLETE,6,6,3,PASS_NATIONAL_STANDARD_COMPONENT_CANDIDATE,3,PASS_NATIONAL_STANDARD_RADICAL_CANDIDATE,20,PASS_NATIONAL_STANDARD_STRUCTURE_DECOMPOSITION_CANDIDATE,26,32,50,STRUCTURE_ITEMS_SCORED_REMAINING_ITEMS_BLOCKED,stroke_shape;component_name_validity;independent_character_rule,NO_CNBE_WRITE,NO_DATABASE_REBUILD,GF0017_STRUCTURE_ITEM_SCORING_ONLY_NOT_ENCODING
8105_core_control_005,侵,U+4FB5,8105_national_standard_core,左右,⿰亻⿳彐冖又,亻 彐 又 冖,亻,COMPLETE,6,6,3,PASS_NATIONAL_STANDARD_COMPONENT_CANDIDATE,3,PASS_NATIONAL_STANDARD_RADICAL_CANDIDATE,20,PASS_NATIONAL_STANDARD_STRUCTURE_DECOMPOSITION_CANDIDATE,26,32,50,STRUCTURE_ITEMS_SCORED_REMAINING_ITEMS_BLOCKED,stroke_shape;component_name_validity;independent_character_rule,NO_CNBE_WRITE,NO_DATABASE_REBUILD,GF0017_STRUCTURE_ITEM_SCORING_ONLY_NOT_ENCODING
8105_core_control_006,偶,U+5076,8105_national_standard_core,左右,⿰亻禺,亻 禺,亻,COMPLETE,6,6,3,PASS_NATIONAL_STANDARD_COMPONENT_CANDIDATE,3,PASS_NATIONAL_STANDARD_RADICAL_CANDIDATE,20,PASS_NATIONAL_STANDARD_STRUCTURE_DECOMPOSITION_CANDIDATE,26,32,50,STRUCTURE_ITEMS_SCORED_REMAINING_ITEMS_BLOCKED,stroke_shape;component_name_validity;independent_character_rule,NO_CNBE_WRITE,NO_DATABASE_REBUILD,GF0017_STRUCTURE_ITEM_SCORING_ONLY_NOT_ENCODING
8105_core_control_007,冁,U+5181,8105_national_standard_core,左右,⿰单展,单 展,丷,COMPLETE,6,6,3,PASS_NATIONAL_STANDARD_COMPONENT_CANDIDATE,3,PASS_NATIONAL_STANDARD_RADICAL_CANDIDATE,20,PASS_NATIONAL_STANDARD_STRUCTURE_DECOMPOSITION_CANDIDATE,26,32,50,STRUCTURE_ITEMS_SCORED_REMAINING_ITEMS_BLOCKED,stroke_shape;component_name_validity;independent_character_rule,NO_CNBE_WRITE,NO_DATABASE_REBUILD,GF0017_STRUCTURE_ITEM_SCORING_ONLY_NOT_ENCODING
8105_core_control_008,别,U+522B,8105_national_standard_core,左右,⿰另刂,刂 另,刂,COMPLETE,6,6,3,PASS_NATIONAL_STANDARD_COMPONENT_CANDIDATE,3,PASS_NATIONAL_STANDARD_RADICAL_CANDIDATE,20,PASS_NATIONAL_STANDARD_STRUCTURE_DECOMPOSITION_CANDIDATE,26,32,50,STRUCTURE_ITEMS_SCORED_REMAINING_ITEMS_BLOCKED,stroke_shape;component_name_validity;independent_character_rule,NO_CNBE_WRITE,NO_DATABASE_REBUILD,GF0017_STRUCTURE_ITEM_SCORING_ONLY_NOT_ENCODING
8105_core_control_009,勾,U+52FE,8105_national_standard_core,右上包,⿹勹厶,厶 勹,勹,COMPLETE,6,6,3,PASS_NATIONAL_STANDARD_COMPONENT_CANDIDATE,3,PASS_NATIONAL_STANDARD_RADICAL_CANDIDATE,20,PASS_NATIONAL_STANDARD_STRUCTURE_DECOMPOSITION_CANDIDATE,26,32,50,STRUCTURE_ITEMS_SCORED_REMAINING_ITEMS_BLOCKED,stroke_shape;component_name_validity;independent_character_rule,NO_CNBE_WRITE,NO_DATABASE_REBUILD,GF0017_STRUCTURE_ITEM_SCORING_ONLY_NOT_ENCODING
8105_core_control_010,厥,U+53A5,8105_national_standard_core,左上包,⿸厂欮,欮 厂,厂,COMPLETE,6,6,3,PASS_NATIONAL_STANDARD_COMPONENT_CANDIDATE,3,PASS_NATIONAL_STANDARD_RADICAL_CANDIDATE,20,PASS_NATIONAL_STANDARD_STRUCTURE_DECOMPOSITION_CANDIDATE,26,32,50,STRUCTURE_ITEMS_SCORED_REMAINING_ITEMS_BLOCKED,stroke_shape;component_name_validity;independent_character_rule,NO_CNBE_WRITE,NO_DATABASE_REBUILD,GF0017_STRUCTURE_ITEM_SCORING_ONLY_NOT_ENCODING
8105_core_control_011,含,U+542B,8105_national_standard_core,上下,⿱今口,口 今,口,COMPLETE,6,6,3,PASS_NATIONAL_STANDARD_COMPONENT_CANDIDATE,3,PASS_NATIONAL_STANDARD_RADICAL_CANDIDATE,20,PASS_NATIONAL_STANDARD_STRUCTURE_DECOMPOSITION_CANDIDATE,26,32,50,STRUCTURE_ITEMS_SCORED_REMAINING_ITEMS_BLOCKED,stroke_shape;component_name_validity;independent_character_rule,NO_CNBE_WRITE,NO_DATABASE_REBUILD,GF0017_STRUCTURE_ITEM_SCORING_ONLY_NOT_ENCODING
8105_core_control_012,咳,U+54B3,8105_national_standard_core,左右,⿰口亥,口 亥,口,COMPLETE,6,6,3,PASS_NATIONAL_STANDARD_COMPONENT_CANDIDATE,3,PASS_NATIONAL_STANDARD_RADICAL_CANDIDATE,20,PASS_NATIONAL_STANDARD_STRUCTURE_DECOMPOSITION_CANDIDATE,26,32,50,STRUCTURE_ITEMS_SCORED_REMAINING_ITEMS_BLOCKED,stroke_shape;component_name_validity;independent_character_rule,NO_CNBE_WRITE,NO_DATABASE_REBUILD,GF0017_STRUCTURE_ITEM_SCORING_ONLY_NOT_ENCODING
8105_core_control_013,啕,U+5555,8105_national_standard_core,左右,⿰口匋,口 匋,口,COMPLETE,6,6,3,PASS_NATIONAL_STANDARD_COMPONENT_CANDIDATE,3,PASS_NATIONAL_STANDARD_RADICAL_CANDIDATE,20,PASS_NATIONAL_STANDARD_STRUCTURE_DECOMPOSITION_CANDIDATE,26,32,50,STRUCTURE_ITEMS_SCORED_REMAINING_ITEMS_BLOCKED,stroke_shape;component_name_validity;independent_character_rule,NO_CNBE_WRITE,NO_DATABASE_REBUILD,GF0017_STRUCTURE_ITEM_SCORING_ONLY_NOT_ENCODING
8105_core_control_014,嘀,U+5600,8105_national_standard_core,左右,⿰口啇,啇 口,口,COMPLETE,6,6,3,PASS_NATIONAL_STANDARD_COMPONENT_CANDIDATE,3,PASS_NATIONAL_STANDARD_RADICAL_CANDIDATE,20,PASS_NATIONAL_STANDARD_STRUCTURE_DECOMPOSITION_CANDIDATE,26,32,50,STRUCTURE_ITEMS_SCORED_REMAINING_ITEMS_BLOCKED,stroke_shape;component_name_validity;independent_character_rule,NO_CNBE_WRITE,NO_DATABASE_REBUILD,GF0017_STRUCTURE_ITEM_SCORING_ONLY_NOT_ENCODING
8105_core_control_015,圄,U+5704,8105_national_standard_core,全包围,⿴囗吾,吾 囗,囗,COMPLETE,6,6,3,PASS_NATIONAL_STANDARD_COMPONENT_CANDIDATE,3,PASS_NATIONAL_STANDARD_RADICAL_CANDIDATE,20,PASS_NATIONAL_STANDARD_STRUCTURE_DECOMPOSITION_CANDIDATE,26,32,50,STRUCTURE_ITEMS_SCORED_REMAINING_ITEMS_BLOCKED,stroke_shape;component_name_validity;independent_character_rule,NO_CNBE_WRITE,NO_DATABASE_REBUILD,GF0017_STRUCTURE_ITEM_SCORING_ONLY_NOT_ENCODING
8105_core_control_016,垟,U+579F,8105_national_standard_core,,,,,REVIEW_REQUIRED,6,6,0,NOT_SCORABLE_COMPONENT_EVIDENCE_GAP,0,NOT_SCORABLE_RADICAL_EVIDENCE_GAP,0,NOT_SCORABLE_STRUCTURE_DECOMPOSITION_EVIDENCE_GAP,0,6,50,PARTIAL_SCORE_ONLY_REMAINING_STRUCTURE_ITEMS_BLOCKED,stroke_shape;component_name_validity;independent_character_rule;component_validity;radical_validity;structure_first_decomposition,NO_CNBE_WRITE,NO_DATABASE_REBUILD,GF0017_STRUCTURE_ITEM_SCORING_ONLY_NOT_ENCODING
8105_core_control_017,塑,U+5851,8105_national_standard_core,上下,⿱朔土,朔 土,土,COMPLETE,6,6,3,PASS_NATIONAL_STANDARD_COMPONENT_CANDIDATE,3,PASS_NATIONAL_STANDARD_RADICAL_CANDIDATE,20,PASS_NATIONAL_STANDARD_STRUCTURE_DECOMPOSITION_CANDIDATE,26,32,50,STRUCTURE_ITEMS_SCORED_REMAINING_ITEMS_BLOCKED,stroke_shape;component_name_validity;independent_character_rule,NO_CNBE_WRITE,NO_DATABASE_REBUILD,GF0017_STRUCTURE_ITEM_SCORING_ONLY_NOT_ENCODING
8105_core_control_018,契,U+5951,8105_national_standard_core,上下,⿱⿰丰刀大,丰 刀 大,大,COMPLETE,6,6,3,PASS_NATIONAL_STANDARD_COMPONENT_CANDIDATE,3,PASS_NATIONAL_STANDARD_RADICAL_CANDIDATE,20,PASS_NATIONAL_STANDARD_STRUCTURE_DECOMPOSITION_CANDIDATE,26,32,50,STRUCTURE_ITEMS_SCORED_REMAINING_ITEMS_BLOCKED,stroke_shape;component_name_validity;independent_character_rule,NO_CNBE_WRITE,NO_DATABASE_REBUILD,GF0017_STRUCTURE_ITEM_SCORING_ONLY_NOT_ENCODING
8105_core_control_019,娅,U+5A05,8105_national_standard_core,左右,⿰女亚,女 亚,女,COMPLETE,6,6,3,PASS_NATIONAL_STANDARD_COMPONENT_CANDIDATE,3,PASS_NATIONAL_STANDARD_RADICAL_CANDIDATE,20,PASS_NATIONAL_STANDARD_STRUCTURE_DECOMPOSITION_CANDIDATE,26,32,50,STRUCTURE_ITEMS_SCORED_REMAINING_ITEMS_BLOCKED,stroke_shape;component_name_validity;independent_character_rule,NO_CNBE_WRITE,NO_DATABASE_REBUILD,GF0017_STRUCTURE_ITEM_SCORING_ONLY_NOT_ENCODING
8105_core_control_020,嫭,U+5AED,8105_national_standard_core,,,,,REVIEW_REQUIRED,6,6,0,NOT_SCORABLE_COMPONENT_EVIDENCE_GAP,0,NOT_SCORABLE_RADICAL_EVIDENCE_GAP,0,NOT_SCORABLE_STRUCTURE_DECOMPOSITION_EVIDENCE_GAP,0,6,50,PARTIAL_SCORE_ONLY_REMAINING_STRUCTURE_ITEMS_BLOCKED,stroke_shape;component_name_validity;independent_character_rule;component_validity;radical_validity;structure_first_decomposition,NO_CNBE_WRITE,NO_DATABASE_REBUILD,GF0017_STRUCTURE_ITEM_SCORING_ONLY_NOT_ENCODING
8105_core_control_021,宿,U+5BBF,8105_national_standard_core,上下,⿱宀佰,佰 宀,宀,COMPLETE,6,6,3,PASS_NATIONAL_STANDARD_COMPONENT_CANDIDATE,3,PASS_NATIONAL_STANDARD_RADICAL_CANDIDATE,20,PASS_NATIONAL_STANDARD_STRUCTURE_DECOMPOSITION_CANDIDATE,26,32,50,STRUCTURE_ITEMS_SCORED_REMAINING_ITEMS_BLOCKED,stroke_shape;component_name_validity;independent_character_rule,NO_CNBE_WRITE,NO_DATABASE_REBUILD,GF0017_STRUCTURE_ITEM_SCORING_ONLY_NOT_ENCODING
8105_core_control_022,屼,U+5C7C,8105_national_standard_core,,,,,REVIEW_REQUIRED,6,6,0,NOT_SCORABLE_COMPONENT_EVIDENCE_GAP,0,NOT_SCORABLE_RADICAL_EVIDENCE_GAP,0,NOT_SCORABLE_STRUCTURE_DECOMPOSITION_EVIDENCE_GAP,0,6,50,PARTIAL_SCORE_ONLY_REMAINING_STRUCTURE_ITEMS_BLOCKED,stroke_shape;component_name_validity;independent_character_rule;component_validity;radical_validity;structure_first_decomposition,NO_CNBE_WRITE,NO_DATABASE_REBUILD,GF0017_STRUCTURE_ITEM_SCORING_ONLY_NOT_ENCODING
8105_core_control_023,崶,U+5D36,8105_national_standard_core,,,,,REVIEW_REQUIRED,6,6,0,NOT_SCORABLE_COMPONENT_EVIDENCE_GAP,0,NOT_SCORABLE_RADICAL_EVIDENCE_GAP,0,NOT_SCORABLE_STRUCTURE_DECOMPOSITION_EVIDENCE_GAP,0,6,50,PARTIAL_SCORE_ONLY_REMAINING_STRUCTURE_ITEMS_BLOCKED,stroke_shape;component_name_validity;independent_character_rule;component_validity;radical_validity;structure_first_decomposition,NO_CNBE_WRITE,NO_DATABASE_REBUILD,GF0017_STRUCTURE_ITEM_SCORING_ONLY_NOT_ENCODING
8105_core_control_024,帷,U+5E37,8105_national_standard_core,左右,⿰巾隹,巾 隹,巾,COMPLETE,6,6,3,PASS_NATIONAL_STANDARD_COMPONENT_CANDIDATE,3,PASS_NATIONAL_STANDARD_RADICAL_CANDIDATE,20,PASS_NATIONAL_STANDARD_STRUCTURE_DECOMPOSITION_CANDIDATE,26,32,50,STRUCTURE_ITEMS_SCORED_REMAINING_ITEMS_BLOCKED,stroke_shape;component_name_validity;independent_character_rule,NO_CNBE_WRITE,NO_DATABASE_REBUILD,GF0017_STRUCTURE_ITEM_SCORING_ONLY_NOT_ENCODING
8105_core_control_025,弇,U+5F07,8105_national_standard_core,上下,⿱合廾,廾 合,廾,COMPLETE,6,6,3,PASS_NATIONAL_STANDARD_COMPONENT_CANDIDATE,3,PASS_NATIONAL_STANDARD_RADICAL_CANDIDATE,20,PASS_NATIONAL_STANDARD_STRUCTURE_DECOMPOSITION_CANDIDATE,26,32,50,STRUCTURE_ITEMS_SCORED_REMAINING_ITEMS_BLOCKED,stroke_shape;component_name_validity;independent_character_rule,NO_CNBE_WRITE,NO_DATABASE_REBUILD,GF0017_STRUCTURE_ITEM_SCORING_ONLY_NOT_ENCODING
8105_core_control_026,忉,U+5FC9,8105_national_standard_core,左右,⿰忄刀,刀 忄,忄,COMPLETE,6,6,3,PASS_NATIONAL_STANDARD_COMPONENT_CANDIDATE,3,PASS_NATIONAL_STANDARD_RADICAL_CANDIDATE,20,PASS_NATIONAL_STANDARD_STRUCTURE_DECOMPOSITION_CANDIDATE,26,32,50,STRUCTURE_ITEMS_SCORED_REMAINING_ITEMS_BLOCKED,stroke_shape;component_name_validity;independent_character_rule,NO_CNBE_WRITE,NO_DATABASE_REBUILD,GF0017_STRUCTURE_ITEM_SCORING_ONLY_NOT_ENCODING
8105_core_control_027,恪,U+606A,8105_national_standard_core,左右,⿰忄各,各 忄,忄,COMPLETE,6,6,3,PASS_NATIONAL_STANDARD_COMPONENT_CANDIDATE,3,PASS_NATIONAL_STANDARD_RADICAL_CANDIDATE,20,PASS_NATIONAL_STANDARD_STRUCTURE_DECOMPOSITION_CANDIDATE,26,32,50,STRUCTURE_ITEMS_SCORED_REMAINING_ITEMS_BLOCKED,stroke_shape;component_name_validity;independent_character_rule,NO_CNBE_WRITE,NO_DATABASE_REBUILD,GF0017_STRUCTURE_ITEM_SCORING_ONLY_NOT_ENCODING
8105_core_control_028,愉,U+6109,8105_national_standard_core,左右,⿰忄俞,俞 忄,忄,COMPLETE,6,6,3,PASS_NATIONAL_STANDARD_COMPONENT_CANDIDATE,3,PASS_NATIONAL_STANDARD_RADICAL_CANDIDATE,20,PASS_NATIONAL_STANDARD_STRUCTURE_DECOMPOSITION_CANDIDATE,26,32,50,STRUCTURE_ITEMS_SCORED_REMAINING_ITEMS_BLOCKED,stroke_shape;component_name_validity;independent_character_rule,NO_CNBE_WRITE,NO_DATABASE_REBUILD,GF0017_STRUCTURE_ITEM_SCORING_ONLY_NOT_ENCODING
8105_core_control_029,戭,U+622D,8105_national_standard_core,,,,,REVIEW_REQUIRED,6,6,0,NOT_SCORABLE_COMPONENT_EVIDENCE_GAP,0,NOT_SCORABLE_RADICAL_EVIDENCE_GAP,0,NOT_SCORABLE_STRUCTURE_DECOMPOSITION_EVIDENCE_GAP,0,6,50,PARTIAL_SCORE_ONLY_REMAINING_STRUCTURE_ITEMS_BLOCKED,stroke_shape;component_name_validity;independent_character_rule;component_validity;radical_validity;structure_first_decomposition,NO_CNBE_WRITE,NO_DATABASE_REBUILD,GF0017_STRUCTURE_ITEM_SCORING_ONLY_NOT_ENCODING
8105_core_control_030,拆,U+62C6,8105_national_standard_core,左右,⿰扌斥,扌 斥,扌,COMPLETE,6,6,3,PASS_NATIONAL_STANDARD_COMPONENT_CANDIDATE,3,PASS_NATIONAL_STANDARD_RADICAL_CANDIDATE,20,PASS_NATIONAL_STANDARD_STRUCTURE_DECOMPOSITION_CANDIDATE,26,32,50,STRUCTURE_ITEMS_SCORED_REMAINING_ITEMS_BLOCKED,stroke_shape;component_name_validity;independent_character_rule,NO_CNBE_WRITE,NO_DATABASE_REBUILD,GF0017_STRUCTURE_ITEM_SCORING_ONLY_NOT_ENCODING
8105_core_control_031,捡,U+6361,8105_national_standard_core,左右,⿰扌佥,佥 扌,扌,COMPLETE,6,6,3,PASS_NATIONAL_STANDARD_COMPONENT_CANDIDATE,3,PASS_NATIONAL_STANDARD_RADICAL_CANDIDATE,20,PASS_NATIONAL_STANDARD_STRUCTURE_DECOMPOSITION_CANDIDATE,26,32,50,STRUCTURE_ITEMS_SCORED_REMAINING_ITEMS_BLOCKED,stroke_shape;component_name_validity;independent_character_rule,NO_CNBE_WRITE,NO_DATABASE_REBUILD,GF0017_STRUCTURE_ITEM_SCORING_ONLY_NOT_ENCODING
8105_core_control_032,搡,U+6421,8105_national_standard_core,左右,⿰扌桑,扌 桑,扌,COMPLETE,6,6,3,PASS_NATIONAL_STANDARD_COMPONENT_CANDIDATE,3,PASS_NATIONAL_STANDARD_RADICAL_CANDIDATE,20,PASS_NATIONAL_STANDARD_STRUCTURE_DECOMPOSITION_CANDIDATE,26,32,50,STRUCTURE_ITEMS_SCORED_REMAINING_ITEMS_BLOCKED,stroke_shape;component_name_validity;independent_character_rule,NO_CNBE_WRITE,NO_DATABASE_REBUILD,GF0017_STRUCTURE_ITEM_SCORING_ONLY_NOT_ENCODING
8105_core_control_033,敏,U+654F,8105_national_standard_core,左右,⿰每攵,攵 每,攵,COMPLETE,6,6,3,PASS_NATIONAL_STANDARD_COMPONENT_CANDIDATE,3,PASS_NATIONAL_STANDARD_RADICAL_CANDIDATE,20,PASS_NATIONAL_STANDARD_STRUCTURE_DECOMPOSITION_CANDIDATE,26,32,50,STRUCTURE_ITEMS_SCORED_REMAINING_ITEMS_BLOCKED,stroke_shape;component_name_validity;independent_character_rule,NO_CNBE_WRITE,NO_DATABASE_REBUILD,GF0017_STRUCTURE_ITEM_SCORING_ONLY_NOT_ENCODING
8105_core_control_034,昃,U+6603,8105_national_standard_core,上下,⿱日仄,日 仄,日,COMPLETE,6,6,3,PASS_NATIONAL_STANDARD_COMPONENT_CANDIDATE,3,PASS_NATIONAL_STANDARD_RADICAL_CANDIDATE,20,PASS_NATIONAL_STANDARD_STRUCTURE_DECOMPOSITION_CANDIDATE,26,32,50,STRUCTURE_ITEMS_SCORED_REMAINING_ITEMS_BLOCKED,stroke_shape;component_name_validity;independent_character_rule,NO_CNBE_WRITE,NO_DATABASE_REBUILD,GF0017_STRUCTURE_ITEM_SCORING_ONLY_NOT_ENCODING
8105_core_control_035,暨,U+66A8,8105_national_standard_core,上下,⿱既旦,旦 既,日,COMPLETE,6,6,3,PASS_NATIONAL_STANDARD_COMPONENT_CANDIDATE,3,PASS_NATIONAL_STANDARD_RADICAL_CANDIDATE,20,PASS_NATIONAL_STANDARD_STRUCTURE_DECOMPOSITION_CANDIDATE,26,32,50,STRUCTURE_ITEMS_SCORED_REMAINING_ITEMS_BLOCKED,stroke_shape;component_name_validity;independent_character_rule,NO_CNBE_WRITE,NO_DATABASE_REBUILD,GF0017_STRUCTURE_ITEM_SCORING_ONLY_NOT_ENCODING
8105_core_control_036,杰,U+6770,8105_national_standard_core,上下,⿱木灬,木 灬,木,COMPLETE,6,6,3,PASS_NATIONAL_STANDARD_COMPONENT_CANDIDATE,3,PASS_NATIONAL_STANDARD_RADICAL_CANDIDATE,20,PASS_NATIONAL_STANDARD_STRUCTURE_DECOMPOSITION_CANDIDATE,26,32,50,STRUCTURE_ITEMS_SCORED_REMAINING_ITEMS_BLOCKED,stroke_shape;component_name_validity;independent_character_rule,NO_CNBE_WRITE,NO_DATABASE_REBUILD,GF0017_STRUCTURE_ITEM_SCORING_ONLY_NOT_ENCODING
8105_core_control_037,栐,U+6810,8105_national_standard_core,,,,,REVIEW_REQUIRED,6,6,0,NOT_SCORABLE_COMPONENT_EVIDENCE_GAP,0,NOT_SCORABLE_RADICAL_EVIDENCE_GAP,0,NOT_SCORABLE_STRUCTURE_DECOMPOSITION_EVIDENCE_GAP,0,6,50,PARTIAL_SCORE_ONLY_REMAINING_STRUCTURE_ITEMS_BLOCKED,stroke_shape;component_name_validity;independent_character_rule;component_validity;radical_validity;structure_first_decomposition,NO_CNBE_WRITE,NO_DATABASE_REBUILD,GF0017_STRUCTURE_ITEM_SCORING_ONLY_NOT_ENCODING
8105_core_control_038,棉,U+68C9,8105_national_standard_core,左右,⿰木帛,木 帛,木,COMPLETE,6,6,3,PASS_NATIONAL_STANDARD_COMPONENT_CANDIDATE,3,PASS_NATIONAL_STANDARD_RADICAL_CANDIDATE,20,PASS_NATIONAL_STANDARD_STRUCTURE_DECOMPOSITION_CANDIDATE,26,32,50,STRUCTURE_ITEMS_SCORED_REMAINING_ITEMS_BLOCKED,stroke_shape;component_name_validity;independent_character_rule,NO_CNBE_WRITE,NO_DATABASE_REBUILD,GF0017_STRUCTURE_ITEM_SCORING_ONLY_NOT_ENCODING
8105_core_control_039,榧,U+69A7,8105_national_standard_core,左右,⿰木匪,木 匪,木,COMPLETE,6,6,3,PASS_NATIONAL_STANDARD_COMPONENT_CANDIDATE,3,PASS_NATIONAL_STANDARD_RADICAL_CANDIDATE,20,PASS_NATIONAL_STANDARD_STRUCTURE_DECOMPOSITION_CANDIDATE,26,32,50,STRUCTURE_ITEMS_SCORED_REMAINING_ITEMS_BLOCKED,stroke_shape;component_name_validity;independent_character_rule,NO_CNBE_WRITE,NO_DATABASE_REBUILD,GF0017_STRUCTURE_ITEM_SCORING_ONLY_NOT_ENCODING
8105_core_control_040,歉,U+6B49,8105_national_standard_core,左右,⿰兼欠,欠 兼,欠,COMPLETE,6,6,3,PASS_NATIONAL_STANDARD_COMPONENT_CANDIDATE,3,PASS_NATIONAL_STANDARD_RADICAL_CANDIDATE,20,PASS_NATIONAL_STANDARD_STRUCTURE_DECOMPOSITION_CANDIDATE,26,32,50,STRUCTURE_ITEMS_SCORED_REMAINING_ITEMS_BLOCKED,stroke_shape;component_name_validity;independent_character_rule,NO_CNBE_WRITE,NO_DATABASE_REBUILD,GF0017_STRUCTURE_ITEM_SCORING_ONLY_NOT_ENCODING
8105_core_control_041,氩,U+6C29,8105_national_standard_core,右上包,⿹气亚,气 亚,气,COMPLETE,6,6,3,PASS_NATIONAL_STANDARD_COMPONENT_CANDIDATE,3,PASS_NATIONAL_STANDARD_RADICAL_CANDIDATE,20,PASS_NATIONAL_STANDARD_STRUCTURE_DECOMPOSITION_CANDIDATE,26,32,50,STRUCTURE_ITEMS_SCORED_REMAINING_ITEMS_BLOCKED,stroke_shape;component_name_validity;independent_character_rule,NO_CNBE_WRITE,NO_DATABASE_REBUILD,GF0017_STRUCTURE_ITEM_SCORING_ONLY_NOT_ENCODING
8105_core_control_042,沽,U+6CBD,8105_national_standard_core,左右,⿰氵古,氵 古,氵,COMPLETE,6,6,3,PASS_NATIONAL_STANDARD_COMPONENT_CANDIDATE,3,PASS_NATIONAL_STANDARD_RADICAL_CANDIDATE,20,PASS_NATIONAL_STANDARD_STRUCTURE_DECOMPOSITION_CANDIDATE,26,32,50,STRUCTURE_ITEMS_SCORED_REMAINING_ITEMS_BLOCKED,stroke_shape;component_name_validity;independent_character_rule,NO_CNBE_WRITE,NO_DATABASE_REBUILD,GF0017_STRUCTURE_ITEM_SCORING_ONLY_NOT_ENCODING
8105_core_control_043,浃,U+6D43,8105_national_standard_core,左右,⿰氵夹,氵 夹,氵,COMPLETE,6,6,3,PASS_NATIONAL_STANDARD_COMPONENT_CANDIDATE,3,PASS_NATIONAL_STANDARD_RADICAL_CANDIDATE,20,PASS_NATIONAL_STANDARD_STRUCTURE_DECOMPOSITION_CANDIDATE,26,32,50,STRUCTURE_ITEMS_SCORED_REMAINING_ITEMS_BLOCKED,stroke_shape;component_name_validity;independent_character_rule,NO_CNBE_WRITE,NO_DATABASE_REBUILD,GF0017_STRUCTURE_ITEM_SCORING_ONLY_NOT_ENCODING
8105_core_control_044,淌,U+6DCC,8105_national_standard_core,左右,⿰氵尚,氵 尚,氵,COMPLETE,6,6,3,PASS_NATIONAL_STANDARD_COMPONENT_CANDIDATE,3,PASS_NATIONAL_STANDARD_RADICAL_CANDIDATE,20,PASS_NATIONAL_STANDARD_STRUCTURE_DECOMPOSITION_CANDIDATE,26,32,50,STRUCTURE_ITEMS_SCORED_REMAINING_ITEMS_BLOCKED,stroke_shape;component_name_validity;independent_character_rule,NO_CNBE_WRITE,NO_DATABASE_REBUILD,GF0017_STRUCTURE_ITEM_SCORING_ONLY_NOT_ENCODING
8105_core_control_045,溘,U+6E98,8105_national_standard_core,左右,⿰氵盍,氵 盍,氵,COMPLETE,6,6,3,PASS_NATIONAL_STANDARD_COMPONENT_CANDIDATE,3,PASS_NATIONAL_STANDARD_RADICAL_CANDIDATE,20,PASS_NATIONAL_STANDARD_STRUCTURE_DECOMPOSITION_CANDIDATE,26,32,50,STRUCTURE_ITEMS_SCORED_REMAINING_ITEMS_BLOCKED,stroke_shape;component_name_validity;independent_character_rule,NO_CNBE_WRITE,NO_DATABASE_REBUILD,GF0017_STRUCTURE_ITEM_SCORING_ONLY_NOT_ENCODING
8105_core_control_046,潋,U+6F4B,8105_national_standard_core,左右,⿰氵敛,氵 敛,氵,COMPLETE,6,6,3,PASS_NATIONAL_STANDARD_COMPONENT_CANDIDATE,3,PASS_NATIONAL_STANDARD_RADICAL_CANDIDATE,20,PASS_NATIONAL_STANDARD_STRUCTURE_DECOMPOSITION_CANDIDATE,26,32,50,STRUCTURE_ITEMS_SCORED_REMAINING_ITEMS_BLOCKED,stroke_shape;component_name_validity;independent_character_rule,NO_CNBE_WRITE,NO_DATABASE_REBUILD,GF0017_STRUCTURE_ITEM_SCORING_ONLY_NOT_ENCODING
8105_core_control_047,炉,U+7089,8105_national_standard_core,左右,⿰火户,户 火,火,COMPLETE,6,6,3,PASS_NATIONAL_STANDARD_COMPONENT_CANDIDATE,3,PASS_NATIONAL_STANDARD_RADICAL_CANDIDATE,20,PASS_NATIONAL_STANDARD_STRUCTURE_DECOMPOSITION_CANDIDATE,26,32,50,STRUCTURE_ITEMS_SCORED_REMAINING_ITEMS_BLOCKED,stroke_shape;component_name_validity;independent_character_rule,NO_CNBE_WRITE,NO_DATABASE_REBUILD,GF0017_STRUCTURE_ITEM_SCORING_ONLY_NOT_ENCODING
8105_core_control_048,煓,U+7153,8105_national_standard_core,,,,,REVIEW_REQUIRED,6,6,0,NOT_SCORABLE_COMPONENT_EVIDENCE_GAP,0,NOT_SCORABLE_RADICAL_EVIDENCE_GAP,0,NOT_SCORABLE_STRUCTURE_DECOMPOSITION_EVIDENCE_GAP,0,6,50,PARTIAL_SCORE_ONLY_REMAINING_STRUCTURE_ITEMS_BLOCKED,stroke_shape;component_name_validity;independent_character_rule;component_validity;radical_validity;structure_first_decomposition,NO_CNBE_WRITE,NO_DATABASE_REBUILD,GF0017_STRUCTURE_ITEM_SCORING_ONLY_NOT_ENCODING
8105_core_control_049,牧,U+7267,8105_national_standard_core,左右,⿰牛攵,攵 牛,牛,COMPLETE,6,6,3,PASS_NATIONAL_STANDARD_COMPONENT_CANDIDATE,3,PASS_NATIONAL_STANDARD_RADICAL_CANDIDATE,20,PASS_NATIONAL_STANDARD_STRUCTURE_DECOMPOSITION_CANDIDATE,26,32,50,STRUCTURE_ITEMS_SCORED_REMAINING_ITEMS_BLOCKED,stroke_shape;component_name_validity;independent_character_rule,NO_CNBE_WRITE,NO_DATABASE_REBUILD,GF0017_STRUCTURE_ITEM_SCORING_ONLY_NOT_ENCODING
8105_core_control_050,献,U+732E,8105_national_standard_core,左右,⿰南犬,犬 南,犬,COMPLETE,6,6,3,PASS_NATIONAL_STANDARD_COMPONENT_CANDIDATE,3,PASS_NATIONAL_STANDARD_RADICAL_CANDIDATE,20,PASS_NATIONAL_STANDARD_STRUCTURE_DECOMPOSITION_CANDIDATE,26,32,50,STRUCTURE_ITEMS_SCORED_REMAINING_ITEMS_BLOCKED,stroke_shape;component_name_validity;independent_character_rule,NO_CNBE_WRITE,NO_DATABASE_REBUILD,GF0017_STRUCTURE_ITEM_SCORING_ONLY_NOT_ENCODING
8105_core_control_051,珥,U+73E5,8105_national_standard_core,左右,⿰王耳,耳 王,王,COMPLETE,6,6,3,PASS_NATIONAL_STANDARD_COMPONENT_CANDIDATE,3,PASS_NATIONAL_STANDARD_RADICAL_CANDIDATE,20,PASS_NATIONAL_STANDARD_STRUCTURE_DECOMPOSITION_CANDIDATE,26,32,50,STRUCTURE_ITEMS_SCORED_REMAINING_ITEMS_BLOCKED,stroke_shape;component_name_validity;independent_character_rule,NO_CNBE_WRITE,NO_DATABASE_REBUILD,GF0017_STRUCTURE_ITEM_SCORING_ONLY_NOT_ENCODING
8105_core_control_052,璁,U+7481,8105_national_standard_core,左右,⿰王悤,王 悤,王,COMPLETE,6,6,3,PASS_NATIONAL_STANDARD_COMPONENT_CANDIDATE,3,PASS_NATIONAL_STANDARD_RADICAL_CANDIDATE,20,PASS_NATIONAL_STANDARD_STRUCTURE_DECOMPOSITION_CANDIDATE,26,32,50,STRUCTURE_ITEMS_SCORED_REMAINING_ITEMS_BLOCKED,stroke_shape;component_name_validity;independent_character_rule,NO_CNBE_WRITE,NO_DATABASE_REBUILD,GF0017_STRUCTURE_ITEM_SCORING_ONLY_NOT_ENCODING
8105_core_control_053,畚,U+755A,8105_national_standard_core,上下,⿱⿱厶大田,厶 大 田,田,COMPLETE,6,6,3,PASS_NATIONAL_STANDARD_COMPONENT_CANDIDATE,3,PASS_NATIONAL_STANDARD_RADICAL_CANDIDATE,20,PASS_NATIONAL_STANDARD_STRUCTURE_DECOMPOSITION_CANDIDATE,26,32,50,STRUCTURE_ITEMS_SCORED_REMAINING_ITEMS_BLOCKED,stroke_shape;component_name_validity;independent_character_rule,NO_CNBE_WRITE,NO_DATABASE_REBUILD,GF0017_STRUCTURE_ITEM_SCORING_ONLY_NOT_ENCODING
8105_core_control_054,瘃,U+7603,8105_national_standard_core,左上包,⿸疒豖,疒 豖,疒,COMPLETE,6,6,3,PASS_NATIONAL_STANDARD_COMPONENT_CANDIDATE,3,PASS_NATIONAL_STANDARD_RADICAL_CANDIDATE,20,PASS_NATIONAL_STANDARD_STRUCTURE_DECOMPOSITION_CANDIDATE,26,32,50,STRUCTURE_ITEMS_SCORED_REMAINING_ITEMS_BLOCKED,stroke_shape;component_name_validity;independent_character_rule,NO_CNBE_WRITE,NO_DATABASE_REBUILD,GF0017_STRUCTURE_ITEM_SCORING_ONLY_NOT_ENCODING
8105_core_control_055,盖,U+76D6,8105_national_standard_core,上下,⿱羊皿,羊 皿,皿,COMPLETE,6,6,3,PASS_NATIONAL_STANDARD_COMPONENT_CANDIDATE,3,PASS_NATIONAL_STANDARD_RADICAL_CANDIDATE,20,PASS_NATIONAL_STANDARD_STRUCTURE_DECOMPOSITION_CANDIDATE,26,32,50,STRUCTURE_ITEMS_SCORED_REMAINING_ITEMS_BLOCKED,stroke_shape;component_name_validity;independent_character_rule,NO_CNBE_WRITE,NO_DATABASE_REBUILD,GF0017_STRUCTURE_ITEM_SCORING_ONLY_NOT_ENCODING
8105_core_control_056,瞭,U+77AD,8105_national_standard_core,左右,⿰目尞,尞 目,目,COMPLETE,6,6,3,PASS_NATIONAL_STANDARD_COMPONENT_CANDIDATE,3,PASS_NATIONAL_STANDARD_RADICAL_CANDIDATE,20,PASS_NATIONAL_STANDARD_STRUCTURE_DECOMPOSITION_CANDIDATE,26,32,50,STRUCTURE_ITEMS_SCORED_REMAINING_ITEMS_BLOCKED,stroke_shape;component_name_validity;independent_character_rule,NO_CNBE_WRITE,NO_DATABASE_REBUILD,GF0017_STRUCTURE_ITEM_SCORING_ONLY_NOT_ENCODING
8105_core_control_057,硪,U+786A,8105_national_standard_core,左右,⿰石我,石 我,石,COMPLETE,6,6,3,PASS_NATIONAL_STANDARD_COMPONENT_CANDIDATE,3,PASS_NATIONAL_STANDARD_RADICAL_CANDIDATE,20,PASS_NATIONAL_STANDARD_STRUCTURE_DECOMPOSITION_CANDIDATE,26,32,50,STRUCTURE_ITEMS_SCORED_REMAINING_ITEMS_BLOCKED,stroke_shape;component_name_validity;independent_character_rule,NO_CNBE_WRITE,NO_DATABASE_REBUILD,GF0017_STRUCTURE_ITEM_SCORING_ONLY_NOT_ENCODING
8105_core_control_058,祛,U+795B,8105_national_standard_core,左右,⿰礻去,礻 去,礻,COMPLETE,6,6,3,PASS_NATIONAL_STANDARD_COMPONENT_CANDIDATE,3,PASS_NATIONAL_STANDARD_RADICAL_CANDIDATE,20,PASS_NATIONAL_STANDARD_STRUCTURE_DECOMPOSITION_CANDIDATE,26,32,50,STRUCTURE_ITEMS_SCORED_REMAINING_ITEMS_BLOCKED,stroke_shape;component_name_validity;independent_character_rule,NO_CNBE_WRITE,NO_DATABASE_REBUILD,GF0017_STRUCTURE_ITEM_SCORING_ONLY_NOT_ENCODING
8105_core_control_059,稹,U+7A39,8105_national_standard_core,左右,⿰禾真,禾 真,禾,COMPLETE,6,6,3,PASS_NATIONAL_STANDARD_COMPONENT_CANDIDATE,3,PASS_NATIONAL_STANDARD_RADICAL_CANDIDATE,20,PASS_NATIONAL_STANDARD_STRUCTURE_DECOMPOSITION_CANDIDATE,26,32,50,STRUCTURE_ITEMS_SCORED_REMAINING_ITEMS_BLOCKED,stroke_shape;component_name_validity;independent_character_rule,NO_CNBE_WRITE,NO_DATABASE_REBUILD,GF0017_STRUCTURE_ITEM_SCORING_ONLY_NOT_ENCODING
8105_core_control_060,符,U+7B26,8105_national_standard_core,上下,⿱⺮付,付,⺮,COMPLETE,6,6,3,PASS_NATIONAL_STANDARD_COMPONENT_CANDIDATE,3,PASS_NATIONAL_STANDARD_RADICAL_CANDIDATE,20,PASS_NATIONAL_STANDARD_STRUCTURE_DECOMPOSITION_CANDIDATE,26,32,50,STRUCTURE_ITEMS_SCORED_REMAINING_ITEMS_BLOCKED,stroke_shape;component_name_validity;independent_character_rule,NO_CNBE_WRITE,NO_DATABASE_REBUILD,GF0017_STRUCTURE_ITEM_SCORING_ONLY_NOT_ENCODING
8105_core_control_061,篯,U+7BEF,8105_national_standard_core,,,,,REVIEW_REQUIRED,6,6,0,NOT_SCORABLE_COMPONENT_EVIDENCE_GAP,0,NOT_SCORABLE_RADICAL_EVIDENCE_GAP,0,NOT_SCORABLE_STRUCTURE_DECOMPOSITION_EVIDENCE_GAP,0,6,50,PARTIAL_SCORE_ONLY_REMAINING_STRUCTURE_ITEMS_BLOCKED,stroke_shape;component_name_validity;independent_character_rule;component_validity;radical_validity;structure_first_decomposition,NO_CNBE_WRITE,NO_DATABASE_REBUILD,GF0017_STRUCTURE_ITEM_SCORING_ONLY_NOT_ENCODING
8105_core_control_062,綦,U+7DA6,8105_national_standard_core,上下,⿱其糸,糸 其,糸,COMPLETE,6,6,3,PASS_NATIONAL_STANDARD_COMPONENT_CANDIDATE,3,PASS_NATIONAL_STANDARD_RADICAL_CANDIDATE,20,PASS_NATIONAL_STANDARD_STRUCTURE_DECOMPOSITION_CANDIDATE,26,32,50,STRUCTURE_ITEMS_SCORED_REMAINING_ITEMS_BLOCKED,stroke_shape;component_name_validity;independent_character_rule,NO_CNBE_WRITE,NO_DATABASE_REBUILD,GF0017_STRUCTURE_ITEM_SCORING_ONLY_NOT_ENCODING
8105_core_control_063,绨,U+7EE8,8105_national_standard_core,左右,⿰纟弟,纟 弟,纟,COMPLETE,6,6,3,PASS_NATIONAL_STANDARD_COMPONENT_CANDIDATE,3,PASS_NATIONAL_STANDARD_RADICAL_CANDIDATE,20,PASS_NATIONAL_STANDARD_STRUCTURE_DECOMPOSITION_CANDIDATE,26,32,50,STRUCTURE_ITEMS_SCORED_REMAINING_ITEMS_BLOCKED,stroke_shape;component_name_validity;independent_character_rule,NO_CNBE_WRITE,NO_DATABASE_REBUILD,GF0017_STRUCTURE_ITEM_SCORING_ONLY_NOT_ENCODING
8105_core_control_064,网,U+7F51,8105_national_standard_core,上三包,⿵冂⿰乂乂,冂 乂,网,COMPLETE,6,6,3,PASS_NATIONAL_STANDARD_COMPONENT_CANDIDATE,3,PASS_NATIONAL_STANDARD_RADICAL_CANDIDATE,20,PASS_NATIONAL_STANDARD_STRUCTURE_DECOMPOSITION_CANDIDATE,26,32,50,STRUCTURE_ITEMS_SCORED_REMAINING_ITEMS_BLOCKED,stroke_shape;component_name_validity;independent_character_rule,NO_CNBE_WRITE,NO_DATABASE_REBUILD,GF0017_STRUCTURE_ITEM_SCORING_ONLY_NOT_ENCODING
8105_core_control_065,耋,U+800B,8105_national_standard_core,上下,⿱老至,老 至,老,COMPLETE,6,6,3,PASS_NATIONAL_STANDARD_COMPONENT_CANDIDATE,3,PASS_NATIONAL_STANDARD_RADICAL_CANDIDATE,20,PASS_NATIONAL_STANDARD_STRUCTURE_DECOMPOSITION_CANDIDATE,26,32,50,STRUCTURE_ITEMS_SCORED_REMAINING_ITEMS_BLOCKED,stroke_shape;component_name_validity;independent_character_rule,NO_CNBE_WRITE,NO_DATABASE_REBUILD,GF0017_STRUCTURE_ITEM_SCORING_ONLY_NOT_ENCODING
8105_core_control_066,肿,U+80BF,8105_national_standard_core,左右,⿰⺼中,中,⺼,COMPLETE,6,6,3,PASS_NATIONAL_STANDARD_COMPONENT_CANDIDATE,3,PASS_NATIONAL_STANDARD_RADICAL_CANDIDATE,20,PASS_NATIONAL_STANDARD_STRUCTURE_DECOMPOSITION_CANDIDATE,26,32,50,STRUCTURE_ITEMS_SCORED_REMAINING_ITEMS_BLOCKED,stroke_shape;component_name_validity;independent_character_rule,NO_CNBE_WRITE,NO_DATABASE_REBUILD,GF0017_STRUCTURE_ITEM_SCORING_ONLY_NOT_ENCODING
8105_core_control_067,腠,U+8160,8105_national_standard_core,左右,⿰⺼奏,奏,⺼,COMPLETE,6,6,3,PASS_NATIONAL_STANDARD_COMPONENT_CANDIDATE,3,PASS_NATIONAL_STANDARD_RADICAL_CANDIDATE,20,PASS_NATIONAL_STANDARD_STRUCTURE_DECOMPOSITION_CANDIDATE,26,32,50,STRUCTURE_ITEMS_SCORED_REMAINING_ITEMS_BLOCKED,stroke_shape;component_name_validity;independent_character_rule,NO_CNBE_WRITE,NO_DATABASE_REBUILD,GF0017_STRUCTURE_ITEM_SCORING_ONLY_NOT_ENCODING
8105_core_control_068,舶,U+8236,8105_national_standard_core,左右,⿰舟白,白 舟,舟,COMPLETE,6,6,3,PASS_NATIONAL_STANDARD_COMPONENT_CANDIDATE,3,PASS_NATIONAL_STANDARD_RADICAL_CANDIDATE,20,PASS_NATIONAL_STANDARD_STRUCTURE_DECOMPOSITION_CANDIDATE,26,32,50,STRUCTURE_ITEMS_SCORED_REMAINING_ITEMS_BLOCKED,stroke_shape;component_name_validity;independent_character_rule,NO_CNBE_WRITE,NO_DATABASE_REBUILD,GF0017_STRUCTURE_ITEM_SCORING_ONLY_NOT_ENCODING
8105_core_control_069,苓,U+82D3,8105_national_standard_core,上下,⿱艹令,艹 令,艹,COMPLETE,6,6,3,PASS_NATIONAL_STANDARD_COMPONENT_CANDIDATE,3,PASS_NATIONAL_STANDARD_RADICAL_CANDIDATE,20,PASS_NATIONAL_STANDARD_STRUCTURE_DECOMPOSITION_CANDIDATE,26,32,50,STRUCTURE_ITEMS_SCORED_REMAINING_ITEMS_BLOCKED,stroke_shape;component_name_validity;independent_character_rule,NO_CNBE_WRITE,NO_DATABASE_REBUILD,GF0017_STRUCTURE_ITEM_SCORING_ONLY_NOT_ENCODING
8105_core_control_070,荠,U+8360,8105_national_standard_core,上下,⿱艹齐,艹 齐,艹,COMPLETE,6,6,3,PASS_NATIONAL_STANDARD_COMPONENT_CANDIDATE,3,PASS_NATIONAL_STANDARD_RADICAL_CANDIDATE,20,PASS_NATIONAL_STANDARD_STRUCTURE_DECOMPOSITION_CANDIDATE,26,32,50,STRUCTURE_ITEMS_SCORED_REMAINING_ITEMS_BLOCKED,stroke_shape;component_name_validity;independent_character_rule,NO_CNBE_WRITE,NO_DATABASE_REBUILD,GF0017_STRUCTURE_ITEM_SCORING_ONLY_NOT_ENCODING
8105_core_control_071,萌,U+840C,8105_national_standard_core,上下,⿱艹明,明 艹,艹,COMPLETE,6,6,3,PASS_NATIONAL_STANDARD_COMPONENT_CANDIDATE,3,PASS_NATIONAL_STANDARD_RADICAL_CANDIDATE,20,PASS_NATIONAL_STANDARD_STRUCTURE_DECOMPOSITION_CANDIDATE,26,32,50,STRUCTURE_ITEMS_SCORED_REMAINING_ITEMS_BLOCKED,stroke_shape;component_name_validity;independent_character_rule,NO_CNBE_WRITE,NO_DATABASE_REBUILD,GF0017_STRUCTURE_ITEM_SCORING_ONLY_NOT_ENCODING
8105_core_control_072,蓝,U+84DD,8105_national_standard_core,上下,⿱艹监,艹 监,艹,COMPLETE,6,6,3,PASS_NATIONAL_STANDARD_COMPONENT_CANDIDATE,3,PASS_NATIONAL_STANDARD_RADICAL_CANDIDATE,20,PASS_NATIONAL_STANDARD_STRUCTURE_DECOMPOSITION_CANDIDATE,26,32,50,STRUCTURE_ITEMS_SCORED_REMAINING_ITEMS_BLOCKED,stroke_shape;component_name_validity;independent_character_rule,NO_CNBE_WRITE,NO_DATABASE_REBUILD,GF0017_STRUCTURE_ITEM_SCORING_ONLY_NOT_ENCODING
8105_core_control_073,蘅,U+8605,8105_national_standard_core,上下,⿱艹衡,衡 艹,艹,COMPLETE,6,6,3,PASS_NATIONAL_STANDARD_COMPONENT_CANDIDATE,3,PASS_NATIONAL_STANDARD_RADICAL_CANDIDATE,20,PASS_NATIONAL_STANDARD_STRUCTURE_DECOMPOSITION_CANDIDATE,26,32,50,STRUCTURE_ITEMS_SCORED_REMAINING_ITEMS_BLOCKED,stroke_shape;component_name_validity;independent_character_rule,NO_CNBE_WRITE,NO_DATABASE_REBUILD,GF0017_STRUCTURE_ITEM_SCORING_ONLY_NOT_ENCODING
8105_core_control_074,蛱,U+86F1,8105_national_standard_core,左右,⿰虫夹,夹 虫,虫,COMPLETE,6,6,3,PASS_NATIONAL_STANDARD_COMPONENT_CANDIDATE,3,PASS_NATIONAL_STANDARD_RADICAL_CANDIDATE,20,PASS_NATIONAL_STANDARD_STRUCTURE_DECOMPOSITION_CANDIDATE,26,32,50,STRUCTURE_ITEMS_SCORED_REMAINING_ITEMS_BLOCKED,stroke_shape;component_name_validity;independent_character_rule,NO_CNBE_WRITE,NO_DATABASE_REBUILD,GF0017_STRUCTURE_ITEM_SCORING_ONLY_NOT_ENCODING
8105_core_control_075,蟋,U+87CB,8105_national_standard_core,左右,⿰虫悉,悉 虫,虫,COMPLETE,6,6,3,PASS_NATIONAL_STANDARD_COMPONENT_CANDIDATE,3,PASS_NATIONAL_STANDARD_RADICAL_CANDIDATE,20,PASS_NATIONAL_STANDARD_STRUCTURE_DECOMPOSITION_CANDIDATE,26,32,50,STRUCTURE_ITEMS_SCORED_REMAINING_ITEMS_BLOCKED,stroke_shape;component_name_validity;independent_character_rule,NO_CNBE_WRITE,NO_DATABASE_REBUILD,GF0017_STRUCTURE_ITEM_SCORING_ONLY_NOT_ENCODING
8105_core_control_076,裘,U+88D8,8105_national_standard_core,上下,⿱求衣,求 衣,衣,COMPLETE,6,6,3,PASS_NATIONAL_STANDARD_COMPONENT_CANDIDATE,3,PASS_NATIONAL_STANDARD_RADICAL_CANDIDATE,20,PASS_NATIONAL_STANDARD_STRUCTURE_DECOMPOSITION_CANDIDATE,26,32,50,STRUCTURE_ITEMS_SCORED_REMAINING_ITEMS_BLOCKED,stroke_shape;component_name_validity;independent_character_rule,NO_CNBE_WRITE,NO_DATABASE_REBUILD,GF0017_STRUCTURE_ITEM_SCORING_ONLY_NOT_ENCODING
8105_core_control_077,訇,U+8A07,8105_national_standard_core,右上包,⿹勹言,言 勹,言,COMPLETE,6,6,3,PASS_NATIONAL_STANDARD_COMPONENT_CANDIDATE,3,PASS_NATIONAL_STANDARD_RADICAL_CANDIDATE,20,PASS_NATIONAL_STANDARD_STRUCTURE_DECOMPOSITION_CANDIDATE,26,32,50,STRUCTURE_ITEMS_SCORED_REMAINING_ITEMS_BLOCKED,stroke_shape;component_name_validity;independent_character_rule,NO_CNBE_WRITE,NO_DATABASE_REBUILD,GF0017_STRUCTURE_ITEM_SCORING_ONLY_NOT_ENCODING
8105_core_control_078,诨,U+8BE8,8105_national_standard_core,左右,⿰讠军,讠 军,讠,COMPLETE,6,6,3,PASS_NATIONAL_STANDARD_COMPONENT_CANDIDATE,3,PASS_NATIONAL_STANDARD_RADICAL_CANDIDATE,20,PASS_NATIONAL_STANDARD_STRUCTURE_DECOMPOSITION_CANDIDATE,26,32,50,STRUCTURE_ITEMS_SCORED_REMAINING_ITEMS_BLOCKED,stroke_shape;component_name_validity;independent_character_rule,NO_CNBE_WRITE,NO_DATABASE_REBUILD,GF0017_STRUCTURE_ITEM_SCORING_ONLY_NOT_ENCODING
8105_core_control_079,豌,U+8C4C,8105_national_standard_core,左右,⿰豆宛,豆 宛,豆,COMPLETE,6,6,3,PASS_NATIONAL_STANDARD_COMPONENT_CANDIDATE,3,PASS_NATIONAL_STANDARD_RADICAL_CANDIDATE,20,PASS_NATIONAL_STANDARD_STRUCTURE_DECOMPOSITION_CANDIDATE,26,32,50,STRUCTURE_ITEMS_SCORED_REMAINING_ITEMS_BLOCKED,stroke_shape;component_name_validity;independent_character_rule,NO_CNBE_WRITE,NO_DATABASE_REBUILD,GF0017_STRUCTURE_ITEM_SCORING_ONLY_NOT_ENCODING
8105_core_control_080,赛,U+8D5B,8105_national_standard_core,上下,⿱宀⿱?贝,贝 宀,贝,REVIEW_REQUIRED,6,6,0,NOT_SCORABLE_COMPONENT_EVIDENCE_GAP,0,NOT_SCORABLE_RADICAL_EVIDENCE_GAP,0,NOT_SCORABLE_STRUCTURE_DECOMPOSITION_EVIDENCE_GAP,0,6,50,PARTIAL_SCORE_ONLY_REMAINING_STRUCTURE_ITEMS_BLOCKED,stroke_shape;component_name_validity;independent_character_rule;component_validity;radical_validity;structure_first_decomposition,NO_CNBE_WRITE,NO_DATABASE_REBUILD,GF0017_STRUCTURE_ITEM_SCORING_ONLY_NOT_ENCODING
8105_core_control_081,踟,U+8E1F,8105_national_standard_core,左右,⿰足知,知 足,足,COMPLETE,6,6,3,PASS_NATIONAL_STANDARD_COMPONENT_CANDIDATE,3,PASS_NATIONAL_STANDARD_RADICAL_CANDIDATE,20,PASS_NATIONAL_STANDARD_STRUCTURE_DECOMPOSITION_CANDIDATE,26,32,50,STRUCTURE_ITEMS_SCORED_REMAINING_ITEMS_BLOCKED,stroke_shape;component_name_validity;independent_character_rule,NO_CNBE_WRITE,NO_DATABASE_REBUILD,GF0017_STRUCTURE_ITEM_SCORING_ONLY_NOT_ENCODING
8105_core_control_082,轾,U+8F7E,8105_national_standard_core,左右,⿰车至,车 至,车,COMPLETE,6,6,3,PASS_NATIONAL_STANDARD_COMPONENT_CANDIDATE,3,PASS_NATIONAL_STANDARD_RADICAL_CANDIDATE,20,PASS_NATIONAL_STANDARD_STRUCTURE_DECOMPOSITION_CANDIDATE,26,32,50,STRUCTURE_ITEMS_SCORED_REMAINING_ITEMS_BLOCKED,stroke_shape;component_name_validity;independent_character_rule,NO_CNBE_WRITE,NO_DATABASE_REBUILD,GF0017_STRUCTURE_ITEM_SCORING_ONLY_NOT_ENCODING
8105_core_control_083,适,U+9002,8105_national_standard_core,左下包,⿺辶舌,辶 舌,辶,COMPLETE,6,6,3,PASS_NATIONAL_STANDARD_COMPONENT_CANDIDATE,3,PASS_NATIONAL_STANDARD_RADICAL_CANDIDATE,20,PASS_NATIONAL_STANDARD_STRUCTURE_DECOMPOSITION_CANDIDATE,26,32,50,STRUCTURE_ITEMS_SCORED_REMAINING_ITEMS_BLOCKED,stroke_shape;component_name_validity;independent_character_rule,NO_CNBE_WRITE,NO_DATABASE_REBUILD,GF0017_STRUCTURE_ITEM_SCORING_ONLY_NOT_ENCODING
8105_core_control_084,邯,U+90AF,8105_national_standard_core,左右,⿰甘阝,甘 阝,阝,COMPLETE,6,6,3,PASS_NATIONAL_STANDARD_COMPONENT_CANDIDATE,3,PASS_NATIONAL_STANDARD_RADICAL_CANDIDATE,20,PASS_NATIONAL_STANDARD_STRUCTURE_DECOMPOSITION_CANDIDATE,26,32,50,STRUCTURE_ITEMS_SCORED_REMAINING_ITEMS_BLOCKED,stroke_shape;component_name_validity;independent_character_rule,NO_CNBE_WRITE,NO_DATABASE_REBUILD,GF0017_STRUCTURE_ITEM_SCORING_ONLY_NOT_ENCODING
8105_core_control_085,酝,U+915D,8105_national_standard_core,左右,⿰酉云,酉 云,酉,COMPLETE,6,6,3,PASS_NATIONAL_STANDARD_COMPONENT_CANDIDATE,3,PASS_NATIONAL_STANDARD_RADICAL_CANDIDATE,20,PASS_NATIONAL_STANDARD_STRUCTURE_DECOMPOSITION_CANDIDATE,26,32,50,STRUCTURE_ITEMS_SCORED_REMAINING_ITEMS_BLOCKED,stroke_shape;component_name_validity;independent_character_rule,NO_CNBE_WRITE,NO_DATABASE_REBUILD,GF0017_STRUCTURE_ITEM_SCORING_ONLY_NOT_ENCODING
8105_core_control_086,钔,U+9494,8105_national_standard_core,左右,⿰钅门,门 钅,钅,COMPLETE,6,6,3,PASS_NATIONAL_STANDARD_COMPONENT_CANDIDATE,3,PASS_NATIONAL_STANDARD_RADICAL_CANDIDATE,20,PASS_NATIONAL_STANDARD_STRUCTURE_DECOMPOSITION_CANDIDATE,26,32,50,STRUCTURE_ITEMS_SCORED_REMAINING_ITEMS_BLOCKED,stroke_shape;component_name_validity;independent_character_rule,NO_CNBE_WRITE,NO_DATABASE_REBUILD,GF0017_STRUCTURE_ITEM_SCORING_ONLY_NOT_ENCODING
8105_core_control_087,铬,U+94EC,8105_national_standard_core,左右,⿰钅各,各 钅,钅,COMPLETE,6,6,3,PASS_NATIONAL_STANDARD_COMPONENT_CANDIDATE,3,PASS_NATIONAL_STANDARD_RADICAL_CANDIDATE,20,PASS_NATIONAL_STANDARD_STRUCTURE_DECOMPOSITION_CANDIDATE,26,32,50,STRUCTURE_ITEMS_SCORED_REMAINING_ITEMS_BLOCKED,stroke_shape;component_name_validity;independent_character_rule,NO_CNBE_WRITE,NO_DATABASE_REBUILD,GF0017_STRUCTURE_ITEM_SCORING_ONLY_NOT_ENCODING
8105_core_control_088,锿,U+953F,8105_national_standard_core,左右,⿰钅哀,哀 钅,钅,COMPLETE,6,6,3,PASS_NATIONAL_STANDARD_COMPONENT_CANDIDATE,3,PASS_NATIONAL_STANDARD_RADICAL_CANDIDATE,20,PASS_NATIONAL_STANDARD_STRUCTURE_DECOMPOSITION_CANDIDATE,26,32,50,STRUCTURE_ITEMS_SCORED_REMAINING_ITEMS_BLOCKED,stroke_shape;component_name_validity;independent_character_rule,NO_CNBE_WRITE,NO_DATABASE_REBUILD,GF0017_STRUCTURE_ITEM_SCORING_ONLY_NOT_ENCODING
8105_core_control_089,阄,U+9604,8105_national_standard_core,上三包,⿵门龟,门 龟,门,COMPLETE,6,6,3,PASS_NATIONAL_STANDARD_COMPONENT_CANDIDATE,3,PASS_NATIONAL_STANDARD_RADICAL_CANDIDATE,20,PASS_NATIONAL_STANDARD_STRUCTURE_DECOMPOSITION_CANDIDATE,26,32,50,STRUCTURE_ITEMS_SCORED_REMAINING_ITEMS_BLOCKED,stroke_shape;component_name_validity;independent_character_rule,NO_CNBE_WRITE,NO_DATABASE_REBUILD,GF0017_STRUCTURE_ITEM_SCORING_ONLY_NOT_ENCODING
8105_core_control_090,障,U+969C,8105_national_standard_core,左右,⿰阝章,章 阝,阝,COMPLETE,6,6,3,PASS_NATIONAL_STANDARD_COMPONENT_CANDIDATE,3,PASS_NATIONAL_STANDARD_RADICAL_CANDIDATE,20,PASS_NATIONAL_STANDARD_STRUCTURE_DECOMPOSITION_CANDIDATE,26,32,50,STRUCTURE_ITEMS_SCORED_REMAINING_ITEMS_BLOCKED,stroke_shape;component_name_validity;independent_character_rule,NO_CNBE_WRITE,NO_DATABASE_REBUILD,GF0017_STRUCTURE_ITEM_SCORING_ONLY_NOT_ENCODING
8105_core_control_091,鞋,U+978B,8105_national_standard_core,左右,⿰革圭,革 圭,革,COMPLETE,6,6,3,PASS_NATIONAL_STANDARD_COMPONENT_CANDIDATE,3,PASS_NATIONAL_STANDARD_RADICAL_CANDIDATE,20,PASS_NATIONAL_STANDARD_STRUCTURE_DECOMPOSITION_CANDIDATE,26,32,50,STRUCTURE_ITEMS_SCORED_REMAINING_ITEMS_BLOCKED,stroke_shape;component_name_validity;independent_character_rule,NO_CNBE_WRITE,NO_DATABASE_REBUILD,GF0017_STRUCTURE_ITEM_SCORING_ONLY_NOT_ENCODING
8105_core_control_092,飑,U+98D1,8105_national_standard_core,左下包,⿺风包,包 风,风,COMPLETE,6,6,3,PASS_NATIONAL_STANDARD_COMPONENT_CANDIDATE,3,PASS_NATIONAL_STANDARD_RADICAL_CANDIDATE,20,PASS_NATIONAL_STANDARD_STRUCTURE_DECOMPOSITION_CANDIDATE,26,32,50,STRUCTURE_ITEMS_SCORED_REMAINING_ITEMS_BLOCKED,stroke_shape;component_name_validity;independent_character_rule,NO_CNBE_WRITE,NO_DATABASE_REBUILD,GF0017_STRUCTURE_ITEM_SCORING_ONLY_NOT_ENCODING
8105_core_control_093,驸,U+9A78,8105_national_standard_core,左右,⿰马付,马 付,马,COMPLETE,6,6,3,PASS_NATIONAL_STANDARD_COMPONENT_CANDIDATE,3,PASS_NATIONAL_STANDARD_RADICAL_CANDIDATE,20,PASS_NATIONAL_STANDARD_STRUCTURE_DECOMPOSITION_CANDIDATE,26,32,50,STRUCTURE_ITEMS_SCORED_REMAINING_ITEMS_BLOCKED,stroke_shape;component_name_validity;independent_character_rule,NO_CNBE_WRITE,NO_DATABASE_REBUILD,GF0017_STRUCTURE_ITEM_SCORING_ONLY_NOT_ENCODING
8105_core_control_094,鬣,U+9B23,8105_national_standard_core,上下,⿱髟巤,髟 巤,髟,COMPLETE,6,6,3,PASS_NATIONAL_STANDARD_COMPONENT_CANDIDATE,3,PASS_NATIONAL_STANDARD_RADICAL_CANDIDATE,20,PASS_NATIONAL_STANDARD_STRUCTURE_DECOMPOSITION_CANDIDATE,26,32,50,STRUCTURE_ITEMS_SCORED_REMAINING_ITEMS_BLOCKED,stroke_shape;component_name_validity;independent_character_rule,NO_CNBE_WRITE,NO_DATABASE_REBUILD,GF0017_STRUCTURE_ITEM_SCORING_ONLY_NOT_ENCODING
8105_core_control_095,鲼,U+9CBC,8105_national_standard_core,左右,⿰鱼贲,鱼 贲,鱼,COMPLETE,6,6,3,PASS_NATIONAL_STANDARD_COMPONENT_CANDIDATE,3,PASS_NATIONAL_STANDARD_RADICAL_CANDIDATE,20,PASS_NATIONAL_STANDARD_STRUCTURE_DECOMPOSITION_CANDIDATE,26,32,50,STRUCTURE_ITEMS_SCORED_REMAINING_ITEMS_BLOCKED,stroke_shape;component_name_validity;independent_character_rule,NO_CNBE_WRITE,NO_DATABASE_REBUILD,GF0017_STRUCTURE_ITEM_SCORING_ONLY_NOT_ENCODING
8105_core_control_096,鹋,U+9E4B,8105_national_standard_core,左右,⿰苗鸟,苗 鸟,鸟,COMPLETE,6,6,3,PASS_NATIONAL_STANDARD_COMPONENT_CANDIDATE,3,PASS_NATIONAL_STANDARD_RADICAL_CANDIDATE,20,PASS_NATIONAL_STANDARD_STRUCTURE_DECOMPOSITION_CANDIDATE,26,32,50,STRUCTURE_ITEMS_SCORED_REMAINING_ITEMS_BLOCKED,stroke_shape;component_name_validity;independent_character_rule,NO_CNBE_WRITE,NO_DATABASE_REBUILD,GF0017_STRUCTURE_ITEM_SCORING_ONLY_NOT_ENCODING
8105_core_control_097,黻,U+9EFB,8105_national_standard_core,左右,⿰黹犮,犮 黹,黹,COMPLETE,6,6,3,PASS_NATIONAL_STANDARD_COMPONENT_CANDIDATE,3,PASS_NATIONAL_STANDARD_RADICAL_CANDIDATE,20,PASS_NATIONAL_STANDARD_STRUCTURE_DECOMPOSITION_CANDIDATE,26,32,50,STRUCTURE_ITEMS_SCORED_REMAINING_ITEMS_BLOCKED,stroke_shape;component_name_validity;independent_character_rule,NO_CNBE_WRITE,NO_DATABASE_REBUILD,GF0017_STRUCTURE_ITEM_SCORING_ONLY_NOT_ENCODING
8105_core_control_098,𨱔,U+28C54,8105_national_standard_core,,,,,REVIEW_REQUIRED,6,6,0,NOT_SCORABLE_COMPONENT_EVIDENCE_GAP,0,NOT_SCORABLE_RADICAL_EVIDENCE_GAP,0,NOT_SCORABLE_STRUCTURE_DECOMPOSITION_EVIDENCE_GAP,0,6,50,PARTIAL_SCORE_ONLY_REMAINING_STRUCTURE_ITEMS_BLOCKED,stroke_shape;component_name_validity;independent_character_rule;component_validity;radical_validity;structure_first_decomposition,NO_CNBE_WRITE,NO_DATABASE_REBUILD,GF0017_STRUCTURE_ITEM_SCORING_ONLY_NOT_ENCODING
8105_core_control_099,𬒈,U+2C488,8105_national_standard_core,,,,,REVIEW_REQUIRED,6,6,0,NOT_SCORABLE_COMPONENT_EVIDENCE_GAP,0,NOT_SCORABLE_RADICAL_EVIDENCE_GAP,0,NOT_SCORABLE_STRUCTURE_DECOMPOSITION_EVIDENCE_GAP,0,6,50,PARTIAL_SCORE_ONLY_REMAINING_STRUCTURE_ITEMS_BLOCKED,stroke_shape;component_name_validity;independent_character_rule;component_validity;radical_validity;structure_first_decomposition,NO_CNBE_WRITE,NO_DATABASE_REBUILD,GF0017_STRUCTURE_ITEM_SCORING_ONLY_NOT_ENCODING
8105_core_control_100,𬺓,U+2CE93,8105_national_standard_core,,,,,REVIEW_REQUIRED,6,6,0,NOT_SCORABLE_COMPONENT_EVIDENCE_GAP,0,NOT_SCORABLE_RADICAL_EVIDENCE_GAP,0,NOT_SCORABLE_STRUCTURE_DECOMPOSITION_EVIDENCE_GAP,0,6,50,PARTIAL_SCORE_ONLY_REMAINING_STRUCTURE_ITEMS_BLOCKED,stroke_shape;component_name_validity;independent_character_rule;component_validity;radical_validity;structure_first_decomposition,NO_CNBE_WRITE,NO_DATABASE_REBUILD,GF0017_STRUCTURE_ITEM_SCORING_ONLY_NOT_ENCODING
