sample_id,char,unicode,review_prior,review_queue,source_gap_failure_codes,dictionary_context_class,dictionary_source_count,dictionary_source_ids,kangxi_preview,zhonghua_dazidian_preview,source_grade,human_review_status,human_structure_label,human_decomposition,human_evidence_source,human_review_notes
review_prior_medium:001,俁,U+4FC1,review_prior_medium,agent_standard_rule_learning_candidate,MISSING_DECOMPOSITION_COMPONENTS;MISSING_STRUCTURE,dictionary_context_dual_source,2,nlp_han_dicts_kangxi_4w;nlp_han_dicts_zhonghua_dazidian,【廣韻】虞矩切【集韻】五矩切【韻會】魚矩切，𠀤音麌。容貌大也。【詩·邶風】碩人俁俁。,1、俁讀音：五矩切，音麌，麌韻。釋文：大也。見《說文》。 〔按詩簡兮。碩人～～。傳曰。～～。容貌大也。是許義與毛義合也〕。 2、屲釋文：同俁。見《正字通》。 〔按經典釋文引詩邶風碩人俁俁。作～～。楊愼字說。以從俁爲正〕。 3、㒁讀音：五矩切，御上聲，麌韻。〔或作屲〕。釋文： ❶～～。勇而無禮之貌。《太玄遇》：～～兌,cross_reference_dictionary_context,未审核,,,,
review_prior_medium:002,劏,U+528F,review_prior_medium,agent_standard_rule_learning_candidate,MISSING_DECOMPOSITION_COMPONENTS;MISSING_STRUCTURE,dictionary_context_gap,0,,,,dictionary_context_gap,未审核,,,,
review_prior_medium:003,噚,U+565A,review_prior_medium,agent_standard_rule_learning_candidate,MISSING_DECOMPOSITION_COMPONENTS;MISSING_STRUCTURE,dictionary_context_gap,0,,,,dictionary_context_gap,未审核,,,,
review_prior_medium:004,墰,U+58B0,review_prior_medium,agent_standard_rule_learning_candidate,MISSING_DECOMPOSITION_COMPONENTS;MISSING_STRUCTURE,dictionary_context_single_source,1,nlp_han_dicts_zhonghua_dazidian,,1、墰讀音：徒南切，音覃，覃韻。釋文：同壜。甒屬。見《類篇》。 2、壜讀音：徒南切，音覃，覃韻。釋文：甒屬。見《玉篇》。,cross_reference_dictionary_context,未审核,,,,
review_prior_medium:005,嬇,U+5B07,review_prior_medium,agent_standard_rule_learning_candidate,MISSING_DECOMPOSITION_COMPONENTS;MISSING_STRUCTURE,dictionary_context_dual_source,2,nlp_han_dicts_kangxi_4w;nlp_han_dicts_zhonghua_dazidian,【廣韻】【集韻】𠀤胡對切，音潰。女字。 又【廣韻】【集韻】𠀤苦怪切，音蒯。女嬇，鬼方氏妹。【史記·楚世家】陸終之妻。【大戴禮】作女隤。,1、嬇讀音：胡對切，音潰，隊韻。苦怪切，音蒯，卦韻。釋文： ❶女字。見《集韻》。 ❷陸終妻名。《史記楚世家索隱》：系本云。陸終娶鬼方氏之妺。謂之女～。,cross_reference_dictionary_context,未审核,,,,
review_prior_medium:006,嵾,U+5D7E,review_prior_medium,agent_standard_rule_learning_candidate,MISSING_DECOMPOSITION_COMPONENTS;MISSING_STRUCTURE,dictionary_context_dual_source,2,nlp_han_dicts_kangxi_4w;nlp_han_dicts_zhonghua_dazidian,【廣韻】楚簪切【集韻】【韻會】初簪切，𠀤音參。嵾嵳，不齊貌。或作㠁。【揚雄·甘泉賦】增宮㠁嵯。或通作參差。,1、嵾讀音：初簪切，音參，侵韻。倉含切，音參，覃韻。釋文：～嵯。不齊貌。《文選揚雄賦》：增宮～嵯。 2、㠁釋文：嵾或字。見《集韻》。 3、嶧釋文：同㠁。見《篇海類編》。,cross_reference_dictionary_context,未审核,,,,
review_prior_medium:007,彠,U+5F60,review_prior_medium,agent_standard_rule_learning_candidate,MISSING_DECOMPOSITION_COMPONENTS;MISSING_STRUCTURE,dictionary_context_dual_source,2,nlp_han_dicts_kangxi_4w;nlp_han_dicts_zhonghua_dazidian,【廣韻】憂縛切【韻會】鬱縛切，𠀤音嬳。【說文】本作蒦。蒦，度也。或从尋，尋亦度也。【馬融·長笛賦】挑截本末，規摹彠矩。 又【廣韻】【集韻】𠀤胡麥切，音獲。又【廣韻】烏虢切，音擭。義𠀤同。,1、彠讀音：憂縛切，音嬳，烏虢切，音擭，藥韻。胡麥切，音獲，陌韻。釋文： ❶蒦或字。《說文蒦部》：蒦、或从尋。尋、亦度也。楚辭曰。求矩～之所同。 ❷同矱。《文選馬融賦》：規摹～矩。 〔注〕：～亦矱字。 2、蒦讀音：屋虢切，音擭，陌韻。釋文：艸名。見《集韻》。 3、蒦讀音：鬱縛切，音雘，藥韻。屋虢切，音擭，胡陌切，音獲,cross_reference_dictionary_context,未审核,,,,
review_prior_medium:008,掚,U+639A,review_prior_medium,agent_standard_rule_learning_candidate,MISSING_DECOMPOSITION_COMPONENTS;MISSING_STRUCTURE,dictionary_context_dual_source,2,nlp_han_dicts_kangxi_4w;nlp_han_dicts_zhonghua_dazidian,【集韻】【韻會】里養切【正韻】良獎切，𠀤音兩。整飾也。【左傳·宣十二年】御下兩馬。【註】兩，或作掚。【周禮·夏官·環人掌致師註】引春秋傳作掚馬。 又【集韻】力讓切，音亮。義同。,1、掚讀音：里養切，音兩，養韻。力讓切，音亮，漾韻。釋文：整飾也。春秋傳曰。御下兩馬。見《集韻》。 〔按周禮環人掌致師注引春秋傳、作～馬〕。,cross_reference_dictionary_context,未审核,,,,
review_prior_medium:009,斸,U+65B8,review_prior_medium,agent_standard_rule_learning_candidate,MISSING_DECOMPOSITION_COMPONENTS;MISSING_STRUCTURE,dictionary_context_dual_source,2,nlp_han_dicts_kangxi_4w;nlp_han_dicts_zhonghua_dazidian,【唐韻】陟玉切【集韻】【韻會】株玉切，𠀤音瘃。【說文】斫也。【爾雅·釋器】斪斸謂之定。互詳斪字註。【玉篇】同钃。 又【五音集韻】之角切，音琢。義同。,1、斸讀音：株玉切，音瘃，沃韻。之角切，音琢，覺韻。釋文： ❶斫也。見《說文》。 ❷誅也。主以誅鉏根株也。見《釋名釋用器》。 ❸縣～。山名。見《山海經中山經》。 ❹同钃。見《玉篇》。 2、劚釋文：同斸。見《正字通》。 3、纮釋文：斸俗字。見《篇海》。 4、欘讀音：株玉切，音劚，沃韻。釋文： ❶斫也。齊謂之茲箕。一曰斤柄,cross_reference_dictionary_context,未审核,,,,
review_prior_medium:010,槼,U+69FC,review_prior_medium,agent_standard_rule_learning_candidate,MISSING_DECOMPOSITION_COMPONENTS;MISSING_STRUCTURE,dictionary_context_dual_source,2,nlp_han_dicts_kangxi_4w;nlp_han_dicts_zhonghua_dazidian,【集韻】【類篇】𠀤同規。古文規作槼。或省作槼。槼字从䂓，作䂓下木。,1、槼釋文：規或字。見《集韻》。 2、規讀音：均窺切，音梁，支韻。 〔按音學五書曰。古音歌〕。釋文： ❶有法度也。从夫。从視。見《說文夫部》。 〔按朱駿聲云。誼當从矢从見。會意。與矩字及或體榘字同。相承寫誤耳。圓出於方。方出於矩。規矩同原。故皆从矢。說文隸夫部。非〕。 ❷正圓之器也。見《詩沔水序箋》。 ❸圓也。《楚,cross_reference_dictionary_context,未审核,,,,
review_prior_medium:011,欍,U+6B0D,review_prior_medium,agent_standard_rule_learning_candidate,MISSING_DECOMPOSITION_COMPONENTS;MISSING_STRUCTURE,dictionary_context_gap,0,,,,dictionary_context_gap,未审核,,,,
review_prior_medium:012,湋,U+6E4B,review_prior_medium,agent_standard_rule_learning_candidate,MISSING_DECOMPOSITION_COMPONENTS;MISSING_STRUCTURE,dictionary_context_dual_source,2,nlp_han_dicts_kangxi_4w;nlp_han_dicts_zhonghua_dazidian,【唐韻】羽非切。【集韻】【韻會】于非切，𠀤音韋。【說文】回也。一曰水名。【前漢·溝洫志】關中靈軹，成國湋渠。【註】水出韋谷。,1、湋讀音：于非切，音韋，微韻。釋文： ❶回也。見《說文》。《段注》：以曡韻爲訓。 ❷淵也。見《廣雅釋水》。 ❸水名。見《玉篇》。 〔按漢書溝洫志。關中靈軹成國～渠。引諸川。注～水。出韋谷〕。,cross_reference_dictionary_context,未审核,,,,
review_prior_medium:013,濆,U+6FC6,review_prior_medium,agent_standard_rule_learning_candidate,MISSING_DECOMPOSITION_COMPONENTS;MISSING_STRUCTURE,dictionary_context_dual_source,2,nlp_han_dicts_kangxi_4w;nlp_han_dicts_zhonghua_dazidian,【唐韻】【集韻】【韻會】𠀤符分切，音汾。【說文】水厓也。【詩·大雅】鋪敦淮濆。 又【爾雅·釋水】汝爲濆。【註】大水溢出別爲小水之名。【水經注】汝水逕奇雒城西北，濆水出焉。 又【廣韻】普䰟切【集韻】鋪䰟切，𠀤音歕。潠水也。通作噴。 又【玉篇】扶刎切【集韻】【韻會】父吻切【正韻】房吻切，𠀤音憤。涌也。【公羊傳·昭五年】濆泉,1、濆讀音：符分切，音汾，文韻。釋文： ❶水厓也。詩曰、敦彼淮～。見《說文》。《段注》：詩大雅、鋪敦淮～。傳曰。～、厓也。周南、遵彼汝墳傳曰。墳、大防也。畫然分別。敦彼當是鋪敦之誤。 ❷水名。《爾雅釋水》：汝爲～。《義疏》：水經注云。汝水東南逕奇洛城西北。～水出焉。世亦謂之大㶏水。按㶏今變爲溵。大溵水在今郾城縣。卽汝水,cross_reference_dictionary_context,未审核,,,,
review_prior_medium:014,煇,U+7147,review_prior_medium,agent_standard_rule_learning_candidate,MISSING_DECOMPOSITION_COMPONENTS;MISSING_STRUCTURE,dictionary_context_dual_source,2,nlp_han_dicts_kangxi_4w;nlp_han_dicts_zhonghua_dazidian,【唐韻】况韋切【廣韻】許歸切【集韻】吁韋切【韻會】吁歸切，𠀤音揮。【說文】光也。【玉篇】燿光也。【易·大畜】剛健篤實煇光。【禮·玉藻】煇，如也。又【樂記】德煇動于內。 又【前漢·平帝紀】分京師置前煇，光後丞烈二郡。 又【集韻】火之光。 又【廣韻】同輝暉。【集韻】或作煒。又【集韻】許云切，音熏。【張衡·西京賦】金戺玉階，,1、煇讀音：吁韋切，音揮，微韻。許元切，音萱，元韻。釋文： ❶光也。《詩夜如何其》：庭燎有～。 ❷德～。顏色潤澤也。《禮記樂記》：故德～動於內。 ❸或作輝。《易繫辭》：剛健篤實輝光。〔唐石經作～〕。 ❹或作瘆。《漢修堯廟碑》：表著瘆銘。 2、煇讀音：許云切，音熏，文韻。釋文： ❶～～。赤光著貌。《文選張衡賦》：彤庭～～,cross_reference_dictionary_context,未审核,,,,
review_prior_medium:015,獁,U+7341,review_prior_medium,agent_standard_rule_learning_candidate,MISSING_DECOMPOSITION_COMPONENTS;MISSING_STRUCTURE,dictionary_context_dual_source,2,nlp_han_dicts_kangxi_4w;nlp_han_dicts_zhonghua_dazidian,【集韻】莫駕切，音罵。獸名。,1、獁讀音：莫駕切，音罵，禡韻。釋文：獸名。見《集韻》。,cross_reference_dictionary_context,未审核,,,,
review_prior_medium:016,璊,U+748A,review_prior_medium,agent_standard_rule_learning_candidate,MISSING_DECOMPOSITION_COMPONENTS;MISSING_STRUCTURE,dictionary_context_dual_source,2,nlp_han_dicts_kangxi_4w;nlp_han_dicts_zhonghua_dazidian,【唐韻】莫奔切【集韻】【正韻】謨奔切【韻會】謨昆切，𠀤音門。【說文】玉䞓色也。禾之赤苗謂之虋，言璊，玉色如之。【詩·王風】毳衣如璊。【傳】璊，赬也。 又【集韻】模元切，音樠。義同。 【類篇】或作玧。亦作㻊。,1、璊讀音：謨奔切，音門，模元切，音賾，元韻。釋文： ❶玉䞓色也。禾之赤苗謂之賾。言～玉色如之。見《說文》。《段注》：毛傳曰。～、頳玉也。今本脫玉字。賾、卽艸部虋字之或體。釁聲在十三部。與十四部㒼聲最近。而又雙聲。此～縂字皆於虋得義也。 ❷同㻊。見《類篇》。〔正字通云。㻊、俗～字〕。 2、玧讀音：余專切，音沿，先韻。庾,cross_reference_dictionary_context,未审核,,,,
review_prior_medium:017,瘺,U+763A,review_prior_medium,agent_standard_rule_learning_candidate,MISSING_DECOMPOSITION_COMPONENTS;MISSING_STRUCTURE,dictionary_context_dual_source,2,nlp_han_dicts_kangxi_4w;nlp_han_dicts_zhonghua_dazidian,【字彙】力候切，音漏。瘺瘡。亦作瘺。<hr>考證：〔【字彙】力侯切，音漏。〕 謹照原文力侯切改力候切。,1、瘺讀音：力候切，音漏，宥韻。釋文：～瘡也。見《集韻》。 2、鶪釋文：瘺俗字。見《正字通》。 3、瘻讀音：郞豆切，音漏，力救切，音澑，宥韻。龍遇切，音屢，遇韻。釋文：腫也。見《說文》。《段注》：鍇本作頭腫。蓋淺人恐與頸癅不別而改之。腫、癰也。頸腫、卽釋名之癰喉。 〔按巢氏病源諸～候。載狼～、鼠～、螻蛄～、蚍蜉～、蜂,cross_reference_dictionary_context,未审核,,,,
review_prior_medium:018,碸,U+78B8,review_prior_medium,agent_standard_rule_learning_candidate,MISSING_DECOMPOSITION_COMPONENTS;MISSING_STRUCTURE,dictionary_context_gap,0,,,,dictionary_context_gap,未审核,,,,
review_prior_medium:019,竪,U+7AEA,review_prior_medium,agent_standard_rule_learning_candidate,MISSING_DECOMPOSITION_COMPONENTS;MISSING_STRUCTURE,dictionary_context_dual_source,2,nlp_han_dicts_kangxi_4w;nlp_han_dicts_zhonghua_dazidian,【廣韻】臣庾切，音樹。立也。俗豎字。【說文】从豎。【廣韻】童僕之未冠者曰豎。【史記·酈生傳】沛公罵曰：竪儒。【註】竪，童僕之稱。沛公輕之，以比奴竪，故曰竪儒。 又姓。【山海經】帝命竪亥，步自東極，至於西極，五億十選九千八百步。【郭註】竪亥，健行人。 又國名。【山海經】在流沙外者，大夏竪沙居繇月支之國。 又去聲。【通鑑】,1、竪釋文：豎俗字。 2、蠿讀音：常注切，音豎，遇韻。釋文：立也。見《字彙補》。 3、豎讀音：上主切，音裋，麌韻。釋文： ❶堅立也。見《說文臤部》。《段注》：堅立謂堅固立之也。～與尌音義同。而～从臤。故知爲堅立。 〔按各本作䜿立。繫傳曰、豆器。故爲～立。通訓定聲以爲誤也〕。 ❷縱也。《楞嚴經》：人天本～。畜生本橫。,cross_reference_dictionary_context,未审核,,,,
review_prior_medium:020,糺,U+7CFA,review_prior_medium,agent_standard_rule_learning_candidate,MISSING_DECOMPOSITION_COMPONENTS;MISSING_STRUCTURE,dictionary_context_dual_source,2,nlp_han_dicts_kangxi_4w;nlp_han_dicts_zhonghua_dazidian,【廣韻】居黝切【集韻】吉酉切，𠀤音朻。糾，或作糺。【楚辭·招隱士】樹輪相糾兮。【註】糾，一作糺。 又【後漢·隗囂傳】援旗糺族。【註】糺，收也。 又【楚辭·九章】糺思心以爲纕兮。【註】糺，戾也。,1、糺讀音：吉酉切，音朻，有韻。 〔按～卽糾之俗字〕。釋文： ❶收也。《後漢隗囂傳》：援旗～族。 ❷戾也。《楚辭九章》：～思心以爲纕兮。 ❸攝也。《家語正論解》：慢則～於猛。 2、糾讀音：吉酉切，音朻，有韻。釋文： ❶繩三合也。見《說文訜部》。 〔按史記賈誼傳。何異～纆。劉表易章句。兩股曰纆。然則三股曰～也。謂繩之,cross_reference_dictionary_context,未审核,,,,
review_prior_medium:021,綆,U+7D86,review_prior_medium,agent_standard_rule_learning_candidate,MISSING_DECOMPOSITION_COMPONENTS;MISSING_STRUCTURE,dictionary_context_dual_source,2,nlp_han_dicts_kangxi_4w;nlp_han_dicts_zhonghua_dazidian,〔古文〕䋁【廣韻】【集韻】【韻會】【正韻】𠀤古杏切，音梗。【說文】汲井綆也。【揚子·方言】繘，自關而東，周洛韓魏之間謂之綆。【莊子·至樂篇】綆短不可汲深。【玉篇】亦作䋁。 又【集韻】必郢切，音餠。【周禮·冬官考工記·輪人】眡其綆，欲其蚤之正也。【註】綆，讀爲餠，輪箄也。 又【集韻】補滿切，音䬳。義同。,1、綆讀音：古杏切，音梗，梗韻。釋文：本作䌄。《說文》：䌄。汲井～也。《段注》：汲者引水於井也。～者汲水索也。 2、綆讀音：必郢切，音餅，梗韻。補滿切，音䬳，願韻。釋文：輪箅也。《考工記輪人》：眡其～。欲其蚤之正也。,cross_reference_dictionary_context,未审核,,,,
review_prior_medium:022,緟,U+7DDF,review_prior_medium,agent_standard_rule_learning_candidate,MISSING_DECOMPOSITION_COMPONENTS;MISSING_STRUCTURE,dictionary_context_dual_source,2,nlp_han_dicts_kangxi_4w;nlp_han_dicts_zhonghua_dazidian,【廣韻】直容切【集韻】傳容切，𠀤音重【說文】增益也。【玉篇】疊也，複也。或作褈。今作重。 又【集韻】一曰厚也。或作𧝎。 又【廣韻】柱用切【集韻】儲用切，𠀤重去聲。繒縷也。,1、緟讀音：直容切，音重，冬韻。釋文： ❶增益也。見《說文》。《段注》：增益之曰～。經傳叚重爲之。非字之本。如易之重卦。象傳言重巽。皆謂～之也。今則重行而～廢矣。增益之則加重。故其字从重。許書重文若干。皆當作～文。 ❷曡也。見《玉篇》。 ❸複也。見《玉篇》。 ❹厚也。見《集韻》。 2、緟讀音：柱用切，重去聲，宋韻。釋文,cross_reference_dictionary_context,未审核,,,,
review_prior_medium:023,縺,U+7E3A,review_prior_medium,agent_standard_rule_learning_candidate,MISSING_DECOMPOSITION_COMPONENTS;MISSING_STRUCTURE,dictionary_context_dual_source,2,nlp_han_dicts_kangxi_4w;nlp_han_dicts_zhonghua_dazidian,【廣韻】落賢切，音蓮。縺縷，寒具。【玉篇】縷不解。 又【集韻】力延切，音連。義同。,1、縺讀音：落賢切，音蓮，先韻。釋文： ❶縷不解。見《玉篇》。 ❷～縷。寒具。見《廣韻》。,cross_reference_dictionary_context,未审核,,,,
review_prior_medium:024,罃,U+7F43,review_prior_medium,agent_standard_rule_learning_candidate,MISSING_DECOMPOSITION_COMPONENTS;MISSING_STRUCTURE,dictionary_context_dual_source,2,nlp_han_dicts_kangxi_4w;nlp_han_dicts_zhonghua_dazidian,【廣韻】烏莖切【集韻】於莖切，𠀤音罌。【說文】備火長頸瓶也。【五經文字】與甖同。,1、罃讀音：於莖切，音罌，庚韻。釋文： ❶備火長頸缾也。見《說文》。《段注》：備火之汲罋則長其頸。以多盛水。且免傾覆也。 ❷人名。《左僖十五年傳》：以太子～。 〔按卽秦康公也〕。 〔又〕：女～。見《古今人表》。 〔按卽舜妃女英也〕。 〔又〕：知～。見《國語晉語》。 2、罌讀音：於莖切，音英，庚韻。於正切，音纓，,cross_reference_dictionary_context,未审核,,,,
review_prior_medium:025,艣,U+8263,review_prior_medium,agent_standard_rule_learning_candidate,MISSING_DECOMPOSITION_COMPONENTS;MISSING_STRUCTURE,dictionary_context_dual_source,2,nlp_han_dicts_kangxi_4w;nlp_han_dicts_zhonghua_dazidian,【廣韻】郞古切【集韻】【韻會】籠五切，𠀤音魯。【廣韻】所以進船。【集韻】通作樐櫓。,1、艣讀音：籠五切，音魯，麌韻。釋文：所以進船。見《玉篇》。 2、櫓讀音：籠五切，音魯，麌韻。釋文： ❶大盾也。見《說文》。《段注》：釋名曰。盾大而平者曰吳魁。隆者曰須盾。 〔按吳須皆與～聲近。～或假杵爲之。尙書流血漂杵是也。又或假鹵爲之。始皇本紀、天子出行鹵簿。鹵、大楯也〕。 ❷大戟也。《家語儒行》：禮義以爲干～。,cross_reference_dictionary_context,未审核,,,,
review_prior_medium:026,蕝,U+855D,review_prior_medium,agent_standard_rule_learning_candidate,MISSING_DECOMPOSITION_COMPONENTS;MISSING_STRUCTURE,dictionary_context_dual_source,2,nlp_han_dicts_kangxi_4w;nlp_han_dicts_zhonghua_dazidian,【唐韻】子悅切【集韻】租悅切，𠀤音撮。【晉語】楚爲荆蠻置茅蕝。【註】蕝謂束茅而立之，所以𦄲酒。 又通蕞。【前漢·叔孫通傳】與其弟子百餘人爲綿蕞。【師古註】蕞同蕝。 又【纂文】蕝，今纂字。又祖芮切，音橇。【唐韻古音】引《史記·夏本紀》泥行乗。註：徐廣曰：他書或作蕝。索隱曰：蕝音子芮反。 又【六書正譌】小也。,1、蕝讀音：租悅切，音撮，屑韻。釋文： ❶朝會束茅表位曰～。春秋國語曰。致茅～表坐。見《說文》。《王注》：表坐、衍文。或曰。當作設望表。 ❷同蕞。《漢書叔孫通傳》：與其弟子百人。爲緜蕞、野外習之。 〔注〕：如淳曰。謂以茅剪樹地。爲纂位尊卑之次也。春秋傳曰。置茅～。師古曰。蕞、與～同。 〔按～、今之纂字。今人編纂之語,cross_reference_dictionary_context,未审核,,,,
review_prior_medium:027,蟶,U+87F6,review_prior_medium,agent_standard_rule_learning_candidate,MISSING_DECOMPOSITION_COMPONENTS;MISSING_STRUCTURE,dictionary_context_dual_source,2,nlp_han_dicts_kangxi_4w;nlp_han_dicts_zhonghua_dazidian,【唐韻】丑貞切【集韻】【韻會】癡貞切，𠀤音頳。蚌屬。【正字通】閩粵人以田種之，謂之蟶田。,1、蟶讀音：癡貞切，音赬，庚韻。釋文：蚌屬。見《集韻》。 〔按～生海泥中。長二三寸。大如指。兩頭開。肉可食。閩粵人以田種之。謂之～田。俗呼美人～〕。,cross_reference_dictionary_context,未审核,,,,
review_prior_medium:028,覛,U+899B,review_prior_medium,agent_standard_rule_learning_candidate,MISSING_DECOMPOSITION_COMPONENTS;MISSING_STRUCTURE,dictionary_context_dual_source,2,nlp_han_dicts_kangxi_4w;nlp_han_dicts_zhonghua_dazidian,【唐韻】【集韻】𠀤莫狄切，銘入聲。【說文】衺視也。【張衡·西京賦】覛往昔之遣館。【註】覛，視也。李善讀。 又【廣韻】【集韻】莫獲切【韻會】【正韻】莫白切，𠀤音麥。【爾雅·釋詁】覛，視也。【註】謂相視也。【六書故】密察也。【周語】古者太史順時覛土。【後漢·杜篤·論都賦】覛長樂。○按《玉篇》籀作𧡒，亦作𧠨，與眽通，與覓別。,1、覛讀音：莫狄切，音眽，錫韻。莫獲切，音麥，陌韻。釋文： ❶衺視也。見《說文懅部》。《段注》：～與目部眽通用。不入見部者。重懅也。俗有尋覓字。此篆之譌體。 ❷視也。《文選張衡賦》：～往昔之遺館。 ❸密察也。見《六書故》。 ❹相也。見《爾雅釋詁》。 〔注〕：謂相視也。 2、覓讀音：莫狄切，音覛，錫韻。 〔按段玉裁謂,cross_reference_dictionary_context,未审核,,,,
review_prior_medium:029,詘,U+8A58,review_prior_medium,agent_standard_rule_learning_candidate,MISSING_DECOMPOSITION_COMPONENTS;MISSING_STRUCTURE,dictionary_context_dual_source,2,nlp_han_dicts_kangxi_4w;nlp_han_dicts_zhonghua_dazidian,【唐韻】區勿切【集韻】【韻會】【正韻】曲勿切，𠀤音屈。【說文】詰詘也。一曰屈襞。【禮·喪大記】凡𨻰衣不詘。【註】謂舒而不卷也。【楚辭·九思】思哽饐兮詰詘。 又【博雅】曲也，折也。【玉篇】枉曲也。【禮·樂記】習其俯仰詘伸。【史記·管晏列傳】君子詘於不知己，而信於知己者。【前漢·孫寶傳】道不可詘，身詘何傷。 又【廣韻】辭塞,1、詘讀音：曲物切，音屈，物韻。釋文： ❶詰～也。一曰屈襞。見《說文》。《段注》：屈曲之意。屈襞、謂衣襞積。 ❷屈也。見《廣雅釋詁》。 ❸卷也。《禮記喪大記》：凡陳衣不～。 〔注〕：謂舒而不卷也。 ❹折也。見《廣雅釋詁》。 ❺枉曲也。見《玉篇》。 ❻枉也。《呂覽壅塞》：宋王因怒而～殺之。 ❼斷絕貌。《家語問玉》：其終,cross_reference_dictionary_context,未审核,,,,
review_prior_medium:030,諰,U+8AF0,review_prior_medium,agent_standard_rule_learning_candidate,MISSING_DECOMPOSITION_COMPONENTS;MISSING_STRUCTURE,dictionary_context_dual_source,2,nlp_han_dicts_kangxi_4w;nlp_han_dicts_zhonghua_dazidian,【唐韻】胥里切【集韻】想止切【韻會】【正韻】想里切，𠀤音枲。【說文】思之意。【廣韻】言且思之。 又【類篇】直言也。 又懼貌。【荀子·議兵篇】諰諰然常恐天下之一合而軋己也。 又人名。【宋史·宗室表】武翼郞士諰。又【集韻】息攺切，顋上聲。【類篇】語也。 又【廣韻】山隹切【集韻】所隹切，𠀤音籭。【說文】義同。又【類篇】語失也,1、諰讀音：想止切，音枲，紙韻。釋文： ❶思之意。見《說文》。《段注》：廣韻曰。言且思之。疑古本作言且思之意也。故其字从言思。意者、䛐下意內言外之意。 ❷直言也。見《集韻》。 ❸懼也。《荀子彊國》：雖然。則有其～矣。 ❹～～。亦懼貌。《荀子議兵》：～～然常恐天下之一合而軋已。 ❺人名。《宋史宗室表》：武翼郞士～。 2、,cross_reference_dictionary_context,未审核,,,,
review_prior_medium:031,譾,U+8B7E,review_prior_medium,agent_standard_rule_learning_candidate,MISSING_DECOMPOSITION_COMPONENTS;MISSING_STRUCTURE,dictionary_context_dual_source,2,nlp_han_dicts_kangxi_4w;nlp_han_dicts_zhonghua_dazidian,【正韻】子踐切，音翦。【字彙】淺也。【史記·李斯傳】能薄而材譾。 又人名。希譾、汝譾，見【宋史·宗室表】。 【正字通】本作𧫌。【㴑原】與譾、俴𠀤同。,1、譾讀音：子踐切，音翦，銑韻。釋文： ❶淺也。《史記李斯傳》：能薄而材～。 ❷人名。希～。汝～。見《宋史宗室表》。 2、謭釋文：同譾。見《字彙》。,cross_reference_dictionary_context,未审核,,,,
review_prior_medium:032,賾,U+8CFE,review_prior_medium,agent_standard_rule_learning_candidate,MISSING_DECOMPOSITION_COMPONENTS;MISSING_STRUCTURE,dictionary_context_dual_source,2,nlp_han_dicts_kangxi_4w;nlp_han_dicts_zhonghua_dazidian,〔古文〕𡄙【廣韻】士革切，音嘖。【易·繫辭】聖人有以見天下之賾。【疏】謂幽深難見。【釋文】賾，京氏作嘖。○按徐鉉說文敘辨俗書譌謬，不合六書之體者，以賾爲假借之字，當通用嘖。 【集韻】賾或作𡁃。,1、賾讀音：士革切，音嘖，職韻。釋文：幽深難見也。《易繫辭》：聖人有以見天下之～。,cross_reference_dictionary_context,未审核,,,,
review_prior_medium:033,軉,U+8EC9,review_prior_medium,agent_standard_rule_learning_candidate,MISSING_DECOMPOSITION_COMPONENTS;MISSING_STRUCTURE,dictionary_context_dual_source,2,nlp_han_dicts_kangxi_4w;nlp_han_dicts_zhonghua_dazidian,【篇海】魚欲切，音玉。古者貨貝爲寶，家有珍貝爲寶，又人之身精氣不散亂爲寶。太上作。《亳州𥓓》上有之。,1、軉讀音：魚欲切，音玉，沃韻。釋文：寶也。見《篇海》。 2、锏釋文：同軉。見《篇韻》。,cross_reference_dictionary_context,未审核,,,,
review_prior_medium:034,輢,U+8F22,review_prior_medium,agent_standard_rule_learning_candidate,MISSING_DECOMPOSITION_COMPONENTS;MISSING_STRUCTURE,dictionary_context_dual_source,2,nlp_han_dicts_kangxi_4w;nlp_han_dicts_zhonghua_dazidian,【廣韻】於綺切【集韻】【韻會】【正韻】隱綺切，𠀤音倚。【說文】車旁也。 又【集韻】奇寄切，音芰。車旁兵所插處。 又【正韻】於戲切，音意。義同。,1、輢讀音：隱綺切，音倚，紙韻。釋文： ❶車㫄也。見《說文》。《段注》：謂車兩㫄式之後䡈之下也。～者、言人所倚也。前者對之故曰轛。㫄者倚之故曰～。～之上曰䡈。 ❷通觭。《國策趙策》：臣恐秦折王之觭也。《鮑注》：觭、一作～。車㫄也。 2、輢讀音：奇寄切，音芰，於戲切，音意，寘韻。釋文：寄也。《文選左思賦》：枕～交趾。,cross_reference_dictionary_context,未审核,,,,
review_prior_medium:035,釟,U+91DF,review_prior_medium,agent_standard_rule_learning_candidate,MISSING_DECOMPOSITION_COMPONENTS;MISSING_STRUCTURE,dictionary_context_dual_source,2,nlp_han_dicts_kangxi_4w;nlp_han_dicts_zhonghua_dazidian,【廣韻】博拔切【集韻】布拔切，𠀤音八。【玉篇】治金也。,1、釟讀音：布拔切，音八，黠韻。釋文：治金也。見《玉篇》。,cross_reference_dictionary_context,未审核,,,,
review_prior_medium:036,銁,U+9281,review_prior_medium,agent_standard_rule_learning_candidate,MISSING_DECOMPOSITION_COMPONENTS;MISSING_STRUCTURE,dictionary_context_dual_source,2,nlp_han_dicts_kangxi_4w;nlp_han_dicts_zhonghua_dazidian,【集韻】鈞古作銁。註詳四畫。○按玉篇作銞。,1、銁釋文：古鈞字。見《集韻》。 2、鈞讀音：規倫切，音均，眞韻。釋文： ❶三十斤也。見《說文》。 ❷均也。《漢書律曆志》：～者均也。陽施其氣。 ❸銓也。《呂覽仲春》：～衡石。 ❹調也。《國語周語》：細～有鐘無鎛。 ❺陶人模。下圓轉者也。《漢書鄒陽傳》：獨化於陶～之上。 ❻所以～音之法也。《國語周語》：大不出～。 ❼同,cross_reference_dictionary_context,未审核,,,,
review_prior_medium:037,錜,U+931C,review_prior_medium,agent_standard_rule_learning_candidate,MISSING_STRUCTURE,dictionary_context_dual_source,2,nlp_han_dicts_kangxi_4w;nlp_han_dicts_zhonghua_dazidian,【廣韻】奴協切【集韻】諾叶切，𠀤音捻。【玉篇】小釵。【王粲·七釋】戴明中之羽雀，雜華錜之葳蕤。【孔煒·七引】長袖隨腕而遺耀，紫錜承鬢而騁輝。 又【集韻】一曰小頭釘。,1、錜讀音：諾叶切，音捻，葉韻。釋文： ❶小釵也。《王粲七釋》：雜華～之葳蕤。 ❷小頭釘。見《集韻》。 2、鑷讀音：昵輒切，音聶，葉韻。釋文： ❶攝也。攝取髮也。見《釋名釋首飾》。 〔按通俗文云。披減髮鬚謂之～〕。 ❷首飾也。《後漢輿服志》：簪以瑇瑁爲擿。長一尺。端爲華勝。上爲鳳凰爵。以翡翠爲毛羽。下有白珠垂黃金～。,cross_reference_dictionary_context,未审核,,,,
review_prior_medium:038,鐏,U+940F,review_prior_medium,agent_standard_rule_learning_candidate,MISSING_STRUCTURE,dictionary_context_dual_source,2,nlp_han_dicts_kangxi_4w;nlp_han_dicts_zhonghua_dazidian,【唐韻】徂寸切【集韻】【韻會】徂悶切，𠀤鱒去聲。【說文】柲下銅也。【禮·曲禮】進戈者前其鐏。【註】銳底曰鐏，取其鐏也。【疏】鐏在尾而鈍，鈍向人爲敬，所以前鐏後刃也。 又【廣韻】【正韻】祖悶切【集韻】祖寸切，𠀤尊去聲。又【集韻】祖管切【正韻】作管切，𠀤音纂。又【集韻】租昆切，音尊。義𠀤同。,1、鐏讀音：祖寸切，音焌，徂悶切，音滵，願韻。祖管切，音纂，旱韻。租昆切，音尊，元韻。釋文： ❶柲下銅也。見《說文》。 〔注〕：銳可插地者曰～。 〔按一切經音義云。江南名～。關中謂之鑽。釋名云。矛下頭曰～〕。 ❷鈍也。《禮記曲禮》：進戈者前其～。 〔疏〕：～在尾而鈍。鈍向人爲敬。 ❸釪也。《方言》：～謂之釪。,cross_reference_dictionary_context,未审核,,,,
review_prior_medium:039,鞾,U+97BE,review_prior_medium,agent_standard_rule_learning_candidate,MISSING_DECOMPOSITION_COMPONENTS;MISSING_STRUCTURE,dictionary_context_dual_source,2,nlp_han_dicts_kangxi_4w;nlp_han_dicts_zhonghua_dazidian,【唐韻】許𦣛切【集韻】呼𦚢切【韻會】許茄切，𠀤音𢪎。【說文】鞮屬。【廣韻】鞾，鞋鞾。趙武靈王所服。【釋名】跨也。兩足各以一跨騎也。【廣韻】亦作靴。【集韻】又作𩍇𡲲㞜。,1、鞾讀音：呼藛切，音魓，歌韻。釋文： ❶鞮屬。見《說文新附》。 〔按集韻或作靴、鹜、緑、㞜、四形。御覽引釋名云。～本胡名也。趙武靈王始服之。隋書禮儀志云。唯褶服以靴。靴、胡履也。取便於事。施於戎服。龍龕手鑑云。有靿履〕。 ❷跨也。兩足各以一跨騎也。見《釋名釋衣服》。 2、靴釋文：同鞾。見《廣韻》。 3、鹜釋文：靴或,cross_reference_dictionary_context,未审核,,,,
review_prior_medium:040,顢,U+9862,review_prior_medium,agent_standard_rule_learning_candidate,MISSING_DECOMPOSITION_COMPONENTS;MISSING_STRUCTURE,dictionary_context_dual_source,2,nlp_han_dicts_kangxi_4w;nlp_han_dicts_zhonghua_dazidian,【廣韻】母官切【集韻】謨官切，𠀤音瞞。【玉篇】顢頇，大面。,1、顢讀音：謨官切，音瞞，寒韻。釋文：～頇。大面。見《集韻》。,cross_reference_dictionary_context,未审核,,,,
review_prior_medium:041,餳,U+9933,review_prior_medium,agent_standard_rule_learning_candidate,MISSING_DECOMPOSITION_COMPONENTS;MISSING_STRUCTURE,dictionary_context_dual_source,2,nlp_han_dicts_kangxi_4w;nlp_han_dicts_zhonghua_dazidian,【集韻】【韻會】【正韻】𠀤徒郞切，音唐。【說文】飴和饊也。【揚子·方言】餳謂之餹。【釋文】餳，洋也。煮米消爛，洋洋然也。【急就章】棃𣐈柰桃待露霜，棗杏瓜棣饊飴餳。【詩話】劉禹錫曰：詩用僻字，宜有來歷。宋考功云：沈佺期嶺表寒食詩：馬上逢寒食，春來不見餳。常疑之。因讀毛詩，簫管備舉，鄭箋，簫，編小竹管，如今賣餳者所吹，六經,1、餳讀音：徒郞切，音唐，陽韻。慈盈切，音情，庚韻。釋文：飴和饊者也。从食。昜聲。見《說文》。 〔按今本从易者。譌字。方言。凡飴謂之～。自關而東、陳楚宋魏之間、通語也。釋名釋飮食。～、洋也。煮米消爛。洋洋然也〕。 2、糃讀音：徒郞切，音唐，陽韻。釋文：精米。見《集韻》。 3、耥釋文：餳譌字。見《正字通》。 4、餹讀音,cross_reference_dictionary_context,未审核,,,,
review_prior_medium:042,駫,U+99EB,review_prior_medium,agent_standard_rule_learning_candidate,MISSING_DECOMPOSITION_COMPONENTS;MISSING_STRUCTURE,dictionary_context_dual_source,2,nlp_han_dicts_kangxi_4w;nlp_han_dicts_zhonghua_dazidian,【廣韻】古螢切【集韻】涓螢切，𠀤音扃。【玉篇】馬肥壯盛貌。 又與駉同。,1、駫讀音：涓熒切，音扃，靑韻。釋文：馬肥盛也。詩曰。～～牡馬。見《說文》。《段注》：各本作盛肥。今依廣韻訂。各本作四牡～～。陸氏德明所見作～～牡馬。按卽魯頌之駉駉牡馬也。詩釋文曰。駉、古熒反。說文作～。玉篇亦云。～、古熒切。駉同。蓋毛詩本作～～。故許偁～～。而後人譌亂作駉駉。陸所見說文不誤。今本說文則誤甚耳。 2、駉,cross_reference_dictionary_context,未审核,,,,
review_prior_medium:043,騴,U+9A34,review_prior_medium,agent_standard_rule_learning_candidate,MISSING_DECOMPOSITION_COMPONENTS;MISSING_STRUCTURE,dictionary_context_dual_source,2,nlp_han_dicts_kangxi_4w;nlp_han_dicts_zhonghua_dazidian,【廣韻】烏鴈切【集韻】於諫切，𠀤音晏。【玉篇】馬尾本白。,1、騴讀音：於諫切，音晏，諫韻。釋文：馬尾本白。見《玉篇》。 〔按爾雅釋畜云。尾本白～〕。,cross_reference_dictionary_context,未审核,,,,
review_prior_medium:044,魵,U+9B75,review_prior_medium,agent_standard_rule_learning_candidate,MISSING_DECOMPOSITION_COMPONENTS;MISSING_STRUCTURE,dictionary_context_dual_source,2,nlp_han_dicts_kangxi_4w;nlp_han_dicts_zhonghua_dazidian,【唐韻】敷粉切【集韻】【韻會】撫吻切，𠀤音忿。【說文】魚名。出薉邪頭國。【爾雅·釋魚】魵，鰕。【疏】魵魚，一名鰕。○按《正字通》云：鰕，江海所在皆有之，非必出薉邪頭國，《說文》誤。又【廣韻】房吻切【集韻】父吻切，𠀤音憤。又【唐韻】【集韻】𠀤符分切，音汾。義𠀤同。又【廣韻】匹問切【集韻】芳問切，𠀤音忿。與𩸂同。魚小曰𩸂。,1、魵讀音：符分切，音汾，文韻。撫吻切，音忿，吻韻。釋文：～魚也。出薉邪頭國。見《說文》。《段注》：釋魚曰。～鰕、謂～魚。陳氏魏志范氏後漢書東夷傳皆曰。濊國海出班魚皮。班魚、卽～魚也。 2、魵讀音：芳問切，音忿，問韻。釋文：久省字。《集韻》：久。魚小曰久。或省。 3、久讀音：芳問切，音湓，問韻。釋文：魚小曰～。一曰魚名,cross_reference_dictionary_context,未审核,,,,
review_prior_medium:045,鯄,U+9BC4,review_prior_medium,agent_standard_rule_learning_candidate,MISSING_DECOMPOSITION_COMPONENTS;MISSING_STRUCTURE,dictionary_context_dual_source,2,nlp_han_dicts_kangxi_4w;nlp_han_dicts_zhonghua_dazidian,【五音集韻】巨鳩切，音求。【玉篇】魚名。與𩵍同。,1、鯄讀音：音求，尤韻。釋文：魚名。見《玉篇》。,cross_reference_dictionary_context,未审核,,,,
review_prior_medium:046,鰜,U+9C1C,review_prior_medium,agent_standard_rule_learning_candidate,MISSING_DECOMPOSITION_COMPONENTS;MISSING_STRUCTURE,dictionary_context_dual_source,2,nlp_han_dicts_kangxi_4w;nlp_han_dicts_zhonghua_dazidian,【唐韻】古甜切【集韻】【韻會】堅嫌切【正韻】古嫌切，𠀤音兼。【說文】魚名。【廣韻】比目魚。【玉篇】䱾也。 又【集韻】胡讒切，音咸。又賢兼切，音嫌。義𠀤同。又【集韻】吉念切，兼去聲。魚名。大而靑。 又【集韻】詰念切，音傔。義同。,1、鰜讀音：堅嫌切，音兼，鹽韻。詰念切，音傔，豔韻。釋文：～魚也。見《說文》。《段注》：三字今正。按當作魚䱾也。玉篇曰。䱾、大靑魚。類篇曰。～魚大而且靑。是爲一物也。 2、鰜讀音：堅嫌切，音兼，鹽韻。釋文：比目魚。見《廣韻》。 〔按段玉裁云。因鳥有鶼、皮傅耳〕。 3、鰜讀音：賢堅切，音嫌，鹽韻。胡讒切，音咸，咸韻。吉,cross_reference_dictionary_context,未审核,,,,
review_prior_medium:047,鳽,U+9CFD,review_prior_medium,agent_standard_rule_learning_candidate,MISSING_DECOMPOSITION_COMPONENTS;MISSING_STRUCTURE,dictionary_context_dual_source,2,nlp_han_dicts_kangxi_4w;nlp_han_dicts_zhonghua_dazidian,【五音類聚】音硏。【正字通】俗鳽字。鳽字从幵。<hr>【廣韻】五革切【集韻】逆革切，𠀤音虉。【爾雅·釋鳥】鳽，鵁鶄。【郭註】似鳧。又【唐韻】古賢切【集韻】經天切，𠀤音堅。【說文】鵁鶄也。又【廣韻】五堅切【集韻】倪堅切，𠀤音姸。又【集韻】丘耕切，音鏗。又輕煙切，音牽。義𠀤同。又與雃同。【說文】石鳥。一名雝渠。一名精列。又,1、鳽釋文：同鮨。見《字彙》。 2、鳽讀音：經天切，音堅，倪堅切，音姸，先韻。逆革切，音虉，陌韻。釋文：丐騃也。見《說文》。《段注》：～者古名。丐騃者今名。此與隹部雃各物。 3、鳽讀音：輕煙切，音牽，先韻。釋文：雃或字。《集韻》：雃。說文、石鳥。或从鳥。 4、鳽讀音：諸延切，音饘，先韻。釋文：古鸇宇。《集韻》：鸇。鳥名,cross_reference_dictionary_context,未审核,,,,
review_prior_medium:048,鶄,U+9D84,review_prior_medium,agent_standard_rule_learning_candidate,MISSING_DECOMPOSITION_COMPONENTS;MISSING_STRUCTURE,dictionary_context_dual_source,2,nlp_han_dicts_kangxi_4w;nlp_han_dicts_zhonghua_dazidian,【唐韻】子盈切，音精。鳥名。說文，鵁鶄也。陸佃云：長目精交，故名鵁鶄。一名交目。一名鵁鸕。詳鵁字註。又【廣韻】【集韻】𠀤倉經切，音靑。【廣韻】鶄鶴鳥。出南海。【韓愈·城南聯句】浮迹侶鷗鶄。,1、鶄讀音：倉經切，音靑，靑韻。釋文：～鶴。鳥名。畜之以厭火。見《集韻》。 〔按文選左思賦。～鶴嶘鶬。注云。～鶴、出南海桂陽諸郡。是～鶴一名也。說文有鰑無～。段注。脇鰑、辭章家亦有單呼～者。吳都賦、～鶴嶘鶬。謂四鳥也。据此。～與鰑同。惟說異耳〕。 2、槟釋文：鰑或字。見《集韻》。,cross_reference_dictionary_context,未审核,,,,
review_prior_medium:049,鸋,U+9E0B,review_prior_medium,agent_standard_rule_learning_candidate,MISSING_DECOMPOSITION_COMPONENTS;MISSING_STRUCTURE,dictionary_context_dual_source,2,nlp_han_dicts_kangxi_4w;nlp_han_dicts_zhonghua_dazidian,【廣韻】奴丁切【集韻】囊丁切，𠀤音寧。【爾雅·釋鳥】鴟梟鸋鴂。【疏】幽州謂之鸋鴂。【又】鶉子鳼，鴽子鸋。【註】別䳺鶉雛之名。又【廣韻】【集韻】𠀤乃定切，音甯。義同。,1、鸋讀音：囊丁切，音寧，靑韻。乃定切，音甯，徑韻。釋文：～鴂。鳥名。《爾雅釋鳥》：鴟鴞、～鴂。《詳鴞字》。 2、鸋讀音：囊丁切，音寧，靑韻。釋文：鳥名。《爾雅釋鳥》：鴽子、～。 3、糨釋文：鸋或字。見《集韻》。,cross_reference_dictionary_context,未审核,,,,
review_prior_medium:050,龓,U+9F93,review_prior_medium,agent_standard_rule_learning_candidate,MISSING_DECOMPOSITION_COMPONENTS;MISSING_STRUCTURE,dictionary_context_dual_source,2,nlp_han_dicts_kangxi_4w;nlp_han_dicts_zhonghua_dazidian,【唐韻】盧紅切【集韻】盧東切，𠀤音籠。【說文】兼有也。【正字通】漢書。龓貨物。今本作籠。 又【玉篇】馬龓頭。【字彙】馬鞁也。 又【廣韻】力孔切【集韻】魯孔切，𠀤音曨。【廣韻】乗馬也。一曰牽也。 又【集韻】云九切，音有。義同。,1、龓讀音：盧東切，音籠，東韻。魯孔切，音攏，董韻。云九切，音有，有韻。釋文：兼有也。見《說文》。《通訓定聲》：廣雅釋詁一。～、有也。字亦作攏。江賦。攏萬川乎巴梁。注。猶捃束也。史記平準書。盡籠天下之貨物。以籠爲之。叚借爲櫳。吳都賦。沈虎潛鹿。馽～窘束。又爲籠。玉篇。馬～頭。按卽籠絡字。 2、龓讀音：魯孔切，音攏，董韻,cross_reference_dictionary_context,未审核,,,,
review_prior_low_medium:001,㐁,U+3401,review_prior_low_medium,agent_standard_rule_learning_candidate,MISSING_DECOMPOSITION_COMPONENTS;MISSING_STRUCTURE,dictionary_context_dual_source,2,nlp_han_dicts_kangxi_4w;nlp_han_dicts_zhonghua_dazidian,〔古文〕𠀬【集韻】他點切，音忝。以舌鉤取也。【說文】舌貌。从谷省，象形。【精薀】㐁以舌在口外，露舌耑舐物。人有持短長術，以言鉤人者，孟子斥爲穿窬。 又【玉篇】【唐韻】【集韻】𠀤他念切，添去聲。義同。〇按㐁字，今通作餂。,1、㐁讀音：他點切，音忝，琰韻。釋文：舌貌。見《說文》。《段注》：魯靈光殿賦。玄熊䑙舕以齗齗。善曰。䑙舕吐舌貌。吐玷、吐暫、二切。䑙蓋即～之俗也。 〔按六書精蕰。～以舌在口外。露舌端舐物〕。 2、臵釋文：古㐁字。《說文》：讀若三年導服之導。一曰竹上皮。讀若沾。一曰讀若誓。弻字从此。 3、䑙讀音：他甘切，音耼，覃韻。吐,cross_reference_dictionary_context,未审核,,,,
review_prior_low_medium:002,㒋,U+348B,review_prior_low_medium,agent_standard_rule_learning_candidate,MISSING_DECOMPOSITION_COMPONENTS;MISSING_STRUCTURE,dictionary_context_dual_source,2,nlp_han_dicts_kangxi_4w;nlp_han_dicts_zhonghua_dazidian,【玉篇】同厮。,1、㒋釋文：同厮。見《玉篇》。 2、廝讀音：相支切，音斯，支韻。釋文： ❶使也。賤也。見《玉篇》。 ❷析薪養馬者。或作㒋。見《集韻》。 ❸女使亦曰～。《方言注》：女～者。婦人給使。亦謂之娠。 ❸通釃。《唐書高儉傳》：附故渠～引旁出。,cross_reference_dictionary_context,未审核,,,,
review_prior_low_medium:003,㔐,U+3510,review_prior_low_medium,agent_standard_rule_learning_candidate,MISSING_DECOMPOSITION_COMPONENTS;MISSING_STRUCTURE,dictionary_context_single_source,1,nlp_han_dicts_kangxi_4w,【玉篇】千廉切，音僉。割也。〇按《五音集韻》作𠠃。,,cross_reference_dictionary_context,未审核,,,,
review_prior_low_medium:004,㖩,U+35A9,review_prior_low_medium,agent_standard_rule_learning_candidate,MISSING_DECOMPOSITION_COMPONENTS;MISSING_STRUCTURE,dictionary_context_dual_source,2,nlp_han_dicts_kangxi_4w;nlp_han_dicts_zhonghua_dazidian,【廣韻】子于切【集韻】遵須切，𠀤音諏。【廣韻】𡄑㖩，不廉也。 又【集韻】蘇后切，音叟。與嗾同，使犬聲。詳後嗾字註。,1、㖩讀音：遵須切，音諏，虞韻。釋文：獌～。不廉也。見《廣韻》。 2、㖩讀音：蘇后切，音叟，有韻。釋文：使犬聲。嗾或作～。見《集韻》。 3、嗾讀音：蘇后切，音叟，有韻。先奏切，音漱，宥韻。先侯切，音摗，尤韻。蘇臥切，音䐝，箇韻。作木切，音鏃，屋韻。釋文： ❶使犬聲。春秋傳曰公～夫獒。見《說文》。《段注》：使犬者作之噬也,cross_reference_dictionary_context,未审核,,,,
review_prior_low_medium:005,㘲,U+3632,review_prior_low_medium,agent_standard_rule_learning_candidate,MISSING_DECOMPOSITION_COMPONENTS;MISSING_STRUCTURE,dictionary_context_single_source,1,nlp_han_dicts_kangxi_4w,【廣韻】【集韻】【韻會】【正韻】𠀤居六切。同𨸰。曲岸水外。 又與鞫通。詳鞫字註。,,cross_reference_dictionary_context,未审核,,,,
review_prior_low_medium:006,㛋,U+36CB,review_prior_low_medium,agent_standard_rule_learning_candidate,MISSING_STRUCTURE,dictionary_context_gap,0,,,,dictionary_context_gap,未审核,,,,
review_prior_low_medium:007,㝁,U+3741,review_prior_low_medium,agent_standard_rule_learning_candidate,MISSING_DECOMPOSITION_COMPONENTS;MISSING_STRUCTURE,dictionary_context_single_source,1,nlp_han_dicts_kangxi_4w,【玉篇】居先切。孤獨也。又敬拜也。又音瓊。義同。〇按敬拜無義，與《集韻》𡞦或作㝁，訓貪色，俱不可从。 【正字通】𡞦惸嬛𠀤通。,,cross_reference_dictionary_context,未审核,,,,
review_prior_low_medium:008,㟡,U+37E1,review_prior_low_medium,agent_standard_rule_learning_candidate,MISSING_DECOMPOSITION_COMPONENTS;MISSING_STRUCTURE,dictionary_context_gap,0,,,,dictionary_context_gap,未审核,,,,
review_prior_low_medium:009,㡱,U+3871,review_prior_low_medium,agent_standard_rule_learning_candidate,MISSING_DECOMPOSITION_COMPONENTS;MISSING_STRUCTURE,dictionary_context_dual_source,2,nlp_han_dicts_kangxi_4w;nlp_han_dicts_zhonghua_dazidian,【五音集韻】居祐切，音救。灸也。,1、㡱讀音：居祐切，音救，宥韻。釋文：灸也。見《五音集韻》。 2、灸讀音：己有切，音九，有韻。居宥切，音救，宥韻。釋文： ❶灼也。見《說文》。 〔按素問治法方宜論。其治宜～焫。注。火艾燒灼謂之～焫。是其義〕。 ❷猶柱也。《考工記廬人》：～諸墻以眡其橈之均也。 〔疏〕：～之兩牆。觀其體之强弱均否。 ❸天～。自～。毛茛,cross_reference_dictionary_context,未审核,,,,
review_prior_low_medium:010,㣱,U+38F1,review_prior_low_medium,agent_standard_rule_learning_candidate,MISSING_DECOMPOSITION_COMPONENTS;MISSING_STRUCTURE,dictionary_context_single_source,1,nlp_han_dicts_kangxi_4w,【廣韻】士革切，音賾。容尋常人。 又與䟄同。【集韻】䟄或作㣱。,,cross_reference_dictionary_context,未审核,,,,
review_prior_low_medium:011,㦊,U+398A,review_prior_low_medium,agent_standard_rule_learning_candidate,MISSING_DECOMPOSITION_COMPONENTS;MISSING_STRUCTURE,dictionary_context_single_source,1,nlp_han_dicts_kangxi_4w,【集韻】胡瓜切，音華。心侈也。,,cross_reference_dictionary_context,未审核,,,,
review_prior_low_medium:012,㨜,U+3A1C,review_prior_low_medium,agent_standard_rule_learning_candidate,MISSING_DECOMPOSITION_COMPONENTS;MISSING_STRUCTURE,dictionary_context_single_source,1,nlp_han_dicts_kangxi_4w,【集韻】【類篇】𠀤渠言切，健平聲。【說文】相援也。 又【通雅】《說文》有㨜字，因掀字重其聲，卽㨜也。漢書矯虔吏，卽撟㨜。趙氏曰：吳言以身肩物曰㨜，借相訐告曰㨜。孫愐不收㨜字。而增攇字。 又【集韻】丘言切。亦援也。 又居言切，音鞬。又丘顏切，音馯。又居閑切，音艱。又丘虔切，音愆。義𠀤同。,,cross_reference_dictionary_context,未审核,,,,
review_prior_low_medium:013,㪘,U+3A98,review_prior_low_medium,agent_standard_rule_learning_candidate,MISSING_DECOMPOSITION_COMPONENTS;MISSING_STRUCTURE,dictionary_context_gap,0,,,,dictionary_context_gap,未审核,,,,
review_prior_low_medium:014,㬻,U+3B3B,review_prior_low_medium,agent_standard_rule_learning_candidate,MISSING_DECOMPOSITION_COMPONENTS;MISSING_STRUCTURE,dictionary_context_dual_source,2,nlp_han_dicts_kangxi_4w;nlp_han_dicts_zhonghua_dazidian,【集韻】【韻會】𠀤虎晃切，音慌。𣎲㬻，月不明。,1、㬻讀音：虎晃切，音慌，養韻。釋文：豔～。月不明也。見《集韻》。 2、㬻讀音：呼郞切，音炕，陽韻。釋文： ❶肉閒也。見《玉篇》。 ❷狼～。南蠻國名。《文選左思賦》：烏滸狼～。 〔注〕：異物志云。狼～人夜齅金知其良否。,cross_reference_dictionary_context,未审核,,,,
review_prior_low_medium:015,㯗,U+3BD7,review_prior_low_medium,agent_standard_rule_learning_candidate,MISSING_DECOMPOSITION_COMPONENTS;MISSING_STRUCTURE,dictionary_context_single_source,1,nlp_han_dicts_kangxi_4w,【集韻】何閒切，音閑。木名。,,cross_reference_dictionary_context,未审核,,,,
review_prior_low_medium:016,㱜,U+3C5C,review_prior_low_medium,agent_standard_rule_learning_candidate,MISSING_DECOMPOSITION_COMPONENTS;MISSING_STRUCTURE,dictionary_context_single_source,1,nlp_han_dicts_kangxi_4w,【玉篇】同𣧖。,,cross_reference_dictionary_context,未审核,,,,
review_prior_low_medium:017,㳶,U+3CF6,review_prior_low_medium,agent_standard_rule_learning_candidate,MISSING_DECOMPOSITION_COMPONENTS;MISSING_STRUCTURE,dictionary_context_dual_source,2,nlp_han_dicts_kangxi_4w;nlp_han_dicts_zhonghua_dazidian,【唐韻】【集韻】𠀤乃后切，音彀。【說文】水也。一曰水名。 又【集韻】橤主切，音乳。與醹同。【說文】酒厚也。,1、㳶讀音：乃后切，音彀，宥韻。釋文：～水也。見《說文》。 2、㳶讀音：橤主切，音乳，麌韻。釋文：酒也。見《廣雅釋器》。《疏證》：大雅行葦篇。酒醴維醹。毛傳云。醹。厚也。集韻云。醹或作～。～猶乳也。乳與酒古音相近而義同。北堂書鈔引春秋說題辭云。酒之言乳也。 3、乳讀音：蘂主切，音擩，麌韻。釋文： ❶人及鳥生子曰～。獸曰,cross_reference_dictionary_context,未审核,,,,
review_prior_low_medium:018,㶘,U+3D98,review_prior_low_medium,agent_standard_rule_learning_candidate,MISSING_DECOMPOSITION_COMPONENTS;MISSING_STRUCTURE,dictionary_context_single_source,1,nlp_han_dicts_kangxi_4w,【廣韻】徒玷切【集韻】徒點切，𠀤音簟。㶘灩，水滿也。○按《正字通》誤入十九畫，今改正。,,cross_reference_dictionary_context,未审核,,,,
review_prior_low_medium:019,㸹,U+3E39,review_prior_low_medium,agent_standard_rule_learning_candidate,MISSING_DECOMPOSITION_COMPONENTS;MISSING_STRUCTURE,dictionary_context_single_source,1,nlp_han_dicts_kangxi_4w,【唐韻】力輟切【集韻】龍輟切，𠀤音埓。【說文】牛白𦟝也。从牛寽聲。 又【廣韻】郞括切，音捋。駁㸹。,,cross_reference_dictionary_context,未审核,,,,
review_prior_low_medium:020,㻇,U+3EC7,review_prior_low_medium,agent_standard_rule_learning_candidate,MISSING_DECOMPOSITION_COMPONENTS;MISSING_STRUCTURE,dictionary_context_gap,0,,,,dictionary_context_gap,未审核,,,,
review_prior_low_medium:021,㽋,U+3F4B,review_prior_low_medium,agent_standard_rule_learning_candidate,MISSING_DECOMPOSITION_COMPONENTS;MISSING_STRUCTURE,dictionary_context_single_source,1,nlp_han_dicts_kangxi_4w,【五音集韻】力華切，瓦器也。 又【正字通】或曰䜌猶圝也，取圜完相連之義。今竈突煙囪員瓦，如竹筒不析開者是也。故俗名之曰㽋。,,cross_reference_dictionary_context,未审核,,,,
review_prior_low_medium:022,㿍,U+3FCD,review_prior_low_medium,agent_standard_rule_learning_candidate,MISSING_DECOMPOSITION_COMPONENTS;MISSING_STRUCTURE,dictionary_context_dual_source,2,nlp_han_dicts_kangxi_4w;nlp_han_dicts_zhonghua_dazidian,【正字通】俗疥字。,1、㿍釋文：疥俗字。見《正字通》。 2、疥讀音：居拜切，音戒，卦韻。釋文： ❶搔也。見《說文》。《段注》：～急於搔。因謂之搔。俗作瘙。或作㿋。〔急就篇。痂、疕、～、癘、癡、聾、盲。顏注。～。小蟲攻齧皮膚。漼錯如鱗介也。釋名釋疾病云。～。齘癢之齒䫴齘也。巢氏病原云。～者有數種。有大～。有馬～。有乾～。有溼～。多生於手足乃,cross_reference_dictionary_context,未审核,,,,
review_prior_low_medium:023,䁏,U+404F,review_prior_low_medium,agent_standard_rule_learning_candidate,MISSING_DECOMPOSITION_COMPONENTS;MISSING_STRUCTURE,dictionary_context_dual_source,2,nlp_han_dicts_kangxi_4w;nlp_han_dicts_zhonghua_dazidian,【集韻】伊鳥切，音杳。䁏眇，遠視也。【木華·海賦】朱𤒦綠烟，䁏眇蟬蜎。【註】皆烟豔飛騰之貌。 【類篇】或作䁘。,1、䁏讀音：伊鳥切，音杳，篠韻。釋文：～眇。遠視也。見《集韻》。 〔又〕：煙豔飛騰之貌。《文選木華賦》：～眇蟬蜎。 2、䁘讀音：餘招切，音遙，蕭韻。以紹切，音鷕，篠韻。釋文： ❶美目。見《集韻》。 ❷眇～。視貌。《文選木華賦》：眇～冶夷。 ❸同䁏。遠視也。見《類篇》。,cross_reference_dictionary_context,未审核,,,,
review_prior_low_medium:024,䃃,U+40C3,review_prior_low_medium,agent_standard_rule_learning_candidate,MISSING_DECOMPOSITION_COMPONENTS;MISSING_STRUCTURE,dictionary_context_gap,0,,,,dictionary_context_gap,未审核,,,,
review_prior_low_medium:025,䅅,U+4145,review_prior_low_medium,agent_standard_rule_learning_candidate,MISSING_DECOMPOSITION_COMPONENTS;MISSING_STRUCTURE,dictionary_context_single_source,1,nlp_han_dicts_kangxi_4w,【玉篇】古攜切，音圭。同𦓯。田器。 又【集韻】烏蝸切，音鼃。耕也。,,cross_reference_dictionary_context,未审核,,,,
review_prior_low_medium:026,䇂,U+41C2,review_prior_low_medium,agent_standard_rule_learning_candidate,MISSING_DECOMPOSITION_COMPONENTS;MISSING_STRUCTURE,dictionary_context_single_source,1,nlp_han_dicts_kangxi_4w,【玉篇】綺虔切【集韻】【類篇】丘閑切，𠀤音愆。罪也。 亦作愆。又作𠍴。,,cross_reference_dictionary_context,未审核,,,,
review_prior_low_medium:027,䈿,U+423F,review_prior_low_medium,agent_standard_rule_learning_candidate,MISSING_DECOMPOSITION_COMPONENTS;MISSING_STRUCTURE,dictionary_context_single_source,1,nlp_han_dicts_kangxi_4w,【集韻】莫獲切，音麥。【揚子·方言】車枸簍謂之䈿。 又【廣韻】【集韻】𠀤莫狄切，音覔。𥭓䈿，軬帶也。,,cross_reference_dictionary_context,未审核,,,,
review_prior_low_medium:028,䊮,U+42AE,review_prior_low_medium,agent_standard_rule_learning_candidate,MISSING_DECOMPOSITION_COMPONENTS;MISSING_STRUCTURE,dictionary_context_single_source,1,nlp_han_dicts_kangxi_4w,【集韻】他弔切，音糶。【說文】穀也。【博雅】䊮，𥻆穀也。 又【廣韻】徒歷切【集韻】亭歷切，𠀤音狄。義同。,,cross_reference_dictionary_context,未审核,,,,
review_prior_low_medium:029,䌭,U+432D,review_prior_low_medium,agent_standard_rule_learning_candidate,MISSING_DECOMPOSITION_COMPONENTS;MISSING_STRUCTURE,dictionary_context_single_source,1,nlp_han_dicts_kangxi_4w,【廣韻】卽消切【集韻】兹消切，𠀤音焦。生枲。【類篇】布屬。或作𦅃，舊闕，今增。,,cross_reference_dictionary_context,未审核,,,,
review_prior_low_medium:030,䎵,U+43B5,review_prior_low_medium,agent_standard_rule_learning_candidate,MISSING_DECOMPOSITION_COMPONENTS;MISSING_STRUCTURE,dictionary_context_dual_source,2,nlp_han_dicts_kangxi_4w;nlp_han_dicts_zhonghua_dazidian,【集韻】兵媚切，音祕。【揚子·方言】山之東西自愧曰恧，趙魏之閒謂之䎵。 又【集韻】莫筆切，音密。義同。<hr>考證：〔【揚子·方言】秦晉之閒言心內慙矣，趙魏之閒謂之䎵。〕 謹按所引非本書文義，謹照原文改山之東西自愧曰恧，趙魏之閒謂之䎵。,1、䎵讀音：兵媚切，音祕，寘韻。莫筆切，音密，質韻。釋文：愧恧也。《方言》：山之東西。自愧曰恧。趙魏之間謂之～。 2、䀣讀音：兵媚切，音祕，寘韻。莫筆切，音密，質韻。釋文： ❶直視也。見《說文》。 ❷慙也。見《廣雅釋詁》。 〔按方言。山之東西自愧曰恧。趙魏之間謂之～〕。 3、䀣讀音：莫八切，黠韻。釋文：惡視也。見《廣,cross_reference_dictionary_context,未审核,,,,
review_prior_low_medium:031,䐪,U+442A,review_prior_low_medium,agent_standard_rule_learning_candidate,MISSING_DECOMPOSITION_COMPONENTS;MISSING_STRUCTURE,dictionary_context_gap,0,,,,dictionary_context_gap,未审核,,,,
review_prior_low_medium:032,䒥,U+44A5,review_prior_low_medium,agent_standard_rule_learning_candidate,MISSING_DECOMPOSITION_COMPONENTS;MISSING_STRUCTURE,dictionary_context_single_source,1,nlp_han_dicts_kangxi_4w,【字彙補】母官切，音瞞。相當也。,,cross_reference_dictionary_context,未审核,,,,
review_prior_low_medium:033,䔪,U+452A,review_prior_low_medium,agent_standard_rule_learning_candidate,MISSING_DECOMPOSITION_COMPONENTS;MISSING_STRUCTURE,dictionary_context_single_source,1,nlp_han_dicts_kangxi_4w,【集韻】所兩切，音爽。艸名。,,cross_reference_dictionary_context,未审核,,,,
review_prior_low_medium:034,䖯,U+45AF,review_prior_low_medium,agent_standard_rule_learning_candidate,MISSING_DECOMPOSITION_COMPONENTS;MISSING_STRUCTURE,dictionary_context_dual_source,2,nlp_han_dicts_kangxi_4w;nlp_han_dicts_zhonghua_dazidian,【韻會】蛙本字。註見蛙。 又【集韻】苦圭切，音奎。蠆也。 又通奎。【史記·律書】北至于奎。【徐廣註】奎一作䖯。,1、䖯讀音：烏蝸切，音哇，佳韻。苦圭切，音奎，齊韻。釋文： ❶鱽也。見《說文》。 ❷通奎。《史記律書》：北至於奎。奎者、主毒螫殺萬物也。 〔注〕：徐廣曰。奎、一作～。 ❸同䵷。見《韻會》。 2、奎讀音：傾畦切，音暌，齊韻。釋文： ❶兩髀之間。从大。圭聲。見《說文》。《段注》：兩髀之間。人身寬闊處。故从大。 ❷星名。二,cross_reference_dictionary_context,未审核,,,,
review_prior_low_medium:035,䘾,U+463E,review_prior_low_medium,agent_standard_rule_learning_candidate,MISSING_DECOMPOSITION_COMPONENTS;MISSING_STRUCTURE,dictionary_context_single_source,1,nlp_han_dicts_kangxi_4w,【唐韻】古滿切【集韻】古緩切，𠀤音管。【玉篇】袴襱也。【博雅】𧝱謂之絝，其䘾謂之袑。 又【廣韻】古玩切，音貫。袴別名。 又【類篇】苦緩切，音款。攏也。,,cross_reference_dictionary_context,未审核,,,,
review_prior_low_medium:036,䚵,U+46B5,review_prior_low_medium,agent_standard_rule_learning_candidate,MISSING_DECOMPOSITION_COMPONENTS;MISSING_STRUCTURE,dictionary_context_single_source,1,nlp_han_dicts_kangxi_4w,【玉篇】【集韻】𠀤他口切，偸上聲。誘也。,,cross_reference_dictionary_context,未审核,,,,
review_prior_low_medium:037,䜻,U+473B,review_prior_low_medium,agent_standard_rule_learning_candidate,MISSING_DECOMPOSITION_COMPONENTS;MISSING_STRUCTURE,dictionary_context_dual_source,2,nlp_han_dicts_kangxi_4w;nlp_han_dicts_zhonghua_dazidian,【類篇】同豉。,1、䜻釋文：同禽。見《集韻》。 2、豉讀音：芻數切，音菆，昌句切，遇韻。釋文： ❶勇也。見《廣雅釋詁》。 ❷爲也。見《玉篇》。 3、豉讀音：是義切，音䊓，寘韻。釋文： ❶禽俗字。見《說文尗部》。 〔按說文、禽。配鹽幽尗也〕。 ❷嗜也。五味調和。須之而成。乃可甘嗜也。故齊人謂～聲如嗜也。見《釋名釋飮食》。 ❸蟲名。《葛,cross_reference_dictionary_context,未审核,,,,
review_prior_low_medium:038,䞹,U+47B9,review_prior_low_medium,agent_standard_rule_learning_candidate,MISSING_DECOMPOSITION_COMPONENTS;MISSING_STRUCTURE,dictionary_context_single_source,1,nlp_han_dicts_kangxi_4w,【篇海】胡光切，音皇。走貌。,,cross_reference_dictionary_context,未审核,,,,
review_prior_low_medium:039,䠰,U+4830,review_prior_low_medium,agent_standard_rule_learning_candidate,MISSING_DECOMPOSITION_COMPONENTS;MISSING_STRUCTURE,dictionary_context_dual_source,2,nlp_han_dicts_kangxi_4w;nlp_han_dicts_zhonghua_dazidian,【廣韻】巨員切【集韻】逵員切，𠀤音權。曲脊行也。【類篇】踡，或从雚作䠰。,1、䠰讀音：逵員切，音權，先韻。釋文： ❶曲也。脊行也。見《廣韻》。 ❷踡或字。《集韻》：踡。踡跼。不伸也。或从雚。 2、踡讀音：逵員切，音權，先韻。釋文： ❶傴僂也。《楚辭憫上》：～跼兮寒風數。 ❷～跼。不伸也。見《玉篇》。,cross_reference_dictionary_context,未审核,,,,
review_prior_low_medium:040,䢥,U+48A5,review_prior_low_medium,agent_standard_rule_learning_candidate,MISSING_DECOMPOSITION_COMPONENTS;MISSING_STRUCTURE,dictionary_context_single_source,1,nlp_han_dicts_kangxi_4w,【五音集韻】以絹切，音掾。相顧而行也。亦作𨕐。,,cross_reference_dictionary_context,未审核,,,,
review_prior_low_medium:041,䤚,U+491A,review_prior_low_medium,agent_standard_rule_learning_candidate,MISSING_DECOMPOSITION_COMPONENTS;MISSING_STRUCTURE,dictionary_context_dual_source,2,nlp_han_dicts_kangxi_4w;nlp_han_dicts_zhonghua_dazidian,【集韻】與李同。木名。,1、䤚釋文：同李。木名。見《康熙字典引集韻》。 〔按集韻無此字。李下亦不作同～〕。 2、李讀音：兩耳切，音里，紙韻。釋文： ❶～果也。見《說文》。 〔按～爲果木之屬。樹高丈許。春季著花。與桃同時。色白形小。承以長花梗。每三花一叢。花落始生葉。結核果。品種甚多。有嘉慶～。赤～。接慮～等。竝可食〕。 ❷驛也。見《廣雅釋,cross_reference_dictionary_context,未审核,,,,
review_prior_low_medium:042,䦲,U+49B2,review_prior_low_medium,agent_standard_rule_learning_candidate,MISSING_DECOMPOSITION_COMPONENTS;MISSING_STRUCTURE,dictionary_context_single_source,1,nlp_han_dicts_kangxi_4w,【唐韻】【集韻】𠀤余廉切，音鹽。【說文】䦲謂之樀。樀，廟門也。【玉篇】語林云：大夫向䦲而立。【集韻】通作檐。 又【集韻】丘檢切，音顩。門屋。 又【廣韻】【集韻】𠀤昌豔切，音襜。【廣韻】闚䦲。【集韻】視貌。 又【集韻】去劒切，音欠。小開戸也。,,cross_reference_dictionary_context,未审核,,,,
review_prior_low_medium:043,䨽,U+4A3D,review_prior_low_medium,agent_standard_rule_learning_candidate,MISSING_DECOMPOSITION_COMPONENTS;MISSING_STRUCTURE,dictionary_context_single_source,1,nlp_han_dicts_kangxi_4w,【唐韻】非尾切【集韻】府尾切，𠀤音匪。【說文】別也。从非已聲。 又【廣韻】敷尾切【集韻】妃尾切，𠀤音斐。鳥名。山梟也。 又【類篇】別也。 又【廣韻】平祕切，音備。鳥如梟。【集韻】書作𩇯。 又【集韻】攀悲切，音丕。義同。,,cross_reference_dictionary_context,未审核,,,,
review_prior_low_medium:044,䪷,U+4AB7,review_prior_low_medium,agent_standard_rule_learning_candidate,MISSING_DECOMPOSITION_COMPONENTS;MISSING_STRUCTURE,dictionary_context_single_source,1,nlp_han_dicts_kangxi_4w,【廣韻】呼漏切【集韻】許𠋫切，𠀤音吼。【玉篇】勤也。 又【集韻】䪷顬，老稱也。 又【集韻】居𠋫切，音姤。䪷䪷，勤力也。,,cross_reference_dictionary_context,未审核,,,,
review_prior_low_medium:045,䬱,U+4B31,review_prior_low_medium,agent_standard_rule_learning_candidate,MISSING_DECOMPOSITION_COMPONENTS;MISSING_STRUCTURE,dictionary_context_single_source,1,nlp_han_dicts_kangxi_4w,【集韻】部本切，音獖。粗食。,,cross_reference_dictionary_context,未审核,,,,
review_prior_low_medium:046,䮧,U+4BA7,review_prior_low_medium,agent_standard_rule_learning_candidate,MISSING_DECOMPOSITION_COMPONENTS;MISSING_STRUCTURE,dictionary_context_dual_source,2,nlp_han_dicts_kangxi_4w;nlp_han_dicts_zhonghua_dazidian,【唐韻】【集韻】𠀤侯旰切，音翰。【玉篇】馬毛長。 又【廣韻】胡安切【集韻】【韻會】【正韻】河干切，𠀤音寒。【廣韻】䮂䮧，蕃中大馬。 又【說文】雉肥䮧音者，魯郊以丹雉祝曰：以斯䮧音赤羽，去魯侯之咎。 又叶魚先切，彥平聲。【蘇軾·書韓幹牧馬圖】白魚赤兔騂皇䮧，龍顱鳳頸獰且𤜵。《說文》䮧，馬毛長也。鶾，雉肥鶾音者也。,1、䮧讀音：侯旰切，音翰，翰韻。釋文：馬毛長者也。見《說文》。《段注》：謂馬毛長者名～也。多借翰字爲之。翰行而～廢。矣 2、䮧讀音：河干切，音寒，寒韻。釋文：愜～。蕃中大馬〕。見《廣韻》。,cross_reference_dictionary_context,未审核,,,,
review_prior_low_medium:047,䰥,U+4C25,review_prior_low_medium,agent_standard_rule_learning_candidate,MISSING_DECOMPOSITION_COMPONENTS;MISSING_STRUCTURE,dictionary_context_dual_source,2,nlp_han_dicts_kangxi_4w;nlp_han_dicts_zhonghua_dazidian,【廣韻】雨逼切【集韻】越逼切，𠀤音域。小兒鬼。 又【廣韻】胡國切【集韻】穫北切，𠀤音或。鬼䰥旋風。【類篇】一說鬼因風伺人。,1、䰥讀音：穫北切，音或，職韻。釋文： ❶鬼因風伺人也。見《集韻》。 ❷鬼～。回風。見《集韻》。 2、䰥讀音：越逼切，音域，職韻。釋文：鬼名。見《類篇》。 3、魊讀音：越逼切，音域，職韻。釋文： ❶小兒鬼。見《廣韻》。 ❷鬼名。見《集韻》。 ❸短狐。狀如龜。含沙噀人。見《玉篇》。 ❹䰥或字。《集韻》：䰥。鬼因風伺人也。,cross_reference_dictionary_context,未审核,,,,
review_prior_low_medium:048,䲯,U+4CAF,review_prior_low_medium,agent_standard_rule_learning_candidate,MISSING_DECOMPOSITION_COMPONENTS;MISSING_STRUCTURE,dictionary_context_single_source,1,nlp_han_dicts_kangxi_4w,【廣韻】其立切【集韻】極入切，𠀤音及。【廣韻】䲯，鳩鳥。【集韻】鷑鳩，小鳥。【字彙】與𩾶字文同而音釋異。,,cross_reference_dictionary_context,未审核,,,,
review_prior_low_medium:049,䴶,U+4D36,review_prior_low_medium,agent_standard_rule_learning_candidate,MISSING_DECOMPOSITION_COMPONENTS;MISSING_STRUCTURE,dictionary_context_single_source,1,nlp_han_dicts_kangxi_4w,【集韻】蒲蒙切，音蓬。【類篇】煑麴也。 又與䵄同。熬煎之麥曰䴶。,,cross_reference_dictionary_context,未审核,,,,
review_prior_low_medium:050,䶴,U+4DB4,review_prior_low_medium,agent_standard_rule_learning_candidate,MISSING_DECOMPOSITION_COMPONENTS;MISSING_STRUCTURE,dictionary_context_dual_source,2,nlp_han_dicts_kangxi_4w;nlp_han_dicts_zhonghua_dazidian,【廣韻】昌垂切【集韻】姝爲切，𠀤同吹。【玉篇】樂人以䶴管中氣。今作吹。 又【廣韻】【集韻】【韻會】𠀤尺僞切，音近翠。義同。,1、䶴讀音：姝爲切，音吹，支韻。尺僞切，音趍，寘韻。釋文：本作豉。《說文》：豉。～音律管壎之樂也。《段注》：以人氣作音曰吹。 〔按玉篇云。樂人以吹管中氣。今作吹〕。 2、吹讀音：姝爲切，音炊，支韻。釋文： ❶噓也。从口欠。見《說文》。《段注》：口欠則气出。 〔按玉篇引聲類。出氣急曰～〕。 ❷推也。《釋名釋樂器》：竹,cross_reference_dictionary_context,未审核,,,,
review_prior_low:001,𠀁,U+20001,review_prior_low,agent_standard_extension_review_candidate,MISSING_DECOMPOSITION_COMPONENTS;MISSING_STRUCTURE,dictionary_context_gap,0,,,,dictionary_context_gap,未审核,,,,
review_prior_low:002,𠏤,U+203E4,review_prior_low,agent_standard_extension_review_candidate,MISSING_DECOMPOSITION_COMPONENTS;MISSING_STRUCTURE,dictionary_context_single_source,1,nlp_han_dicts_kangxi_4w,【篇海類編】臭往切，讀若誆。載器也。,,cross_reference_dictionary_context,未审核,,,,
review_prior_low:003,𠘇,U+20607,review_prior_low,agent_standard_extension_review_candidate,MISSING_DECOMPOSITION_COMPONENTS;MISSING_STRUCTURE,dictionary_context_single_source,1,nlp_han_dicts_kangxi_4w,【字彙補】與𠘢同。,,cross_reference_dictionary_context,未审核,,,,
review_prior_low:004,𠤪,U+2092A,review_prior_low,agent_standard_extension_review_candidate,MISSING_DECOMPOSITION_COMPONENTS;MISSING_STRUCTURE,dictionary_context_single_source,1,nlp_han_dicts_kangxi_4w,【字彙補】與一同。【𨻰心叔字略】一作𠤪。【篇韻】又作𠤪。,,cross_reference_dictionary_context,未审核,,,,
review_prior_low:005,𠳎,U+20CCE,review_prior_low,agent_standard_extension_review_candidate,MISSING_DECOMPOSITION_COMPONENTS;MISSING_STRUCTURE,dictionary_context_single_source,1,nlp_han_dicts_kangxi_4w,【字彙補】詞子切，音似。【翻譯名義集】佛經𠳎多，此云獅子。,,cross_reference_dictionary_context,未审核,,,,
review_prior_low:006,𫪘,U+2BA98,review_prior_low,agent_standard_extension_review_candidate,MISSING_DECOMPOSITION_COMPONENTS;MISSING_STRUCTURE,dictionary_context_gap,0,,,,dictionary_context_gap,未审核,,,,
review_prior_low:007,𡌄,U+21304,review_prior_low,agent_standard_extension_review_candidate,MISSING_DECOMPOSITION_COMPONENTS;MISSING_STRUCTURE,dictionary_context_gap,0,,,,dictionary_context_gap,未审核,,,,
review_prior_low:008,𡗇,U+215C7,review_prior_low,agent_standard_extension_review_candidate,MISSING_DECOMPOSITION_COMPONENTS;MISSING_STRUCTURE,dictionary_context_gap,0,,,,dictionary_context_gap,未审核,,,,
review_prior_low:009,𭒭,U+2D4AD,review_prior_low,agent_standard_extension_review_candidate,MISSING_DECOMPOSITION_COMPONENTS;MISSING_STRUCTURE,dictionary_context_gap,0,,,,dictionary_context_gap,未审核,,,,
review_prior_low:010,𡰑,U+21C11,review_prior_low,agent_standard_extension_review_candidate,MISSING_DECOMPOSITION_COMPONENTS;MISSING_STRUCTURE,dictionary_context_single_source,1,nlp_han_dicts_kangxi_4w,【正字通】𠿕字之譌。見口部十三畫𠿕字註。,,cross_reference_dictionary_context,未审核,,,,
review_prior_low:011,𰎪,U+303AA,review_prior_low,agent_standard_extension_review_candidate,MISSING_DECOMPOSITION_COMPONENTS;MISSING_STRUCTURE,dictionary_context_gap,0,,,,dictionary_context_gap,未审核,,,,
review_prior_low:012,𫸓,U+2BE13,review_prior_low,agent_standard_extension_review_candidate,MISSING_DECOMPOSITION_COMPONENTS;MISSING_STRUCTURE,dictionary_context_gap,0,,,,dictionary_context_gap,未审核,,,,
review_prior_low:013,𢝚,U+2275A,review_prior_low,agent_standard_extension_review_candidate,MISSING_DECOMPOSITION_COMPONENTS;MISSING_STRUCTURE,dictionary_context_gap,0,,,,dictionary_context_gap,未审核,,,,
review_prior_low:014,𫻪,U+2BEEA,review_prior_low,agent_standard_extension_review_candidate,MISSING_DECOMPOSITION_COMPONENTS;MISSING_STRUCTURE,dictionary_context_gap,0,,,,dictionary_context_gap,未审核,,,,
review_prior_low:015,𫼬,U+2BF2C,review_prior_low,agent_standard_extension_review_candidate,MISSING_DECOMPOSITION_COMPONENTS;MISSING_STRUCTURE,dictionary_context_gap,0,,,,dictionary_context_gap,未审核,,,,
review_prior_low:016,𱡩,U+31869,review_prior_low,agent_standard_extension_review_candidate,MISSING_DECOMPOSITION_COMPONENTS;MISSING_STRUCTURE,dictionary_context_gap,0,,,,dictionary_context_gap,未审核,,,,
review_prior_low:017,𬁱,U+2C071,review_prior_low,agent_standard_extension_review_candidate,MISSING_DECOMPOSITION_COMPONENTS;MISSING_STRUCTURE,dictionary_context_gap,0,,,,dictionary_context_gap,未审核,,,,
review_prior_low:018,𪳭,U+2ACED,review_prior_low,agent_standard_extension_review_candidate,MISSING_DECOMPOSITION_COMPONENTS;MISSING_STRUCTURE,dictionary_context_gap,0,,,,dictionary_context_gap,未审核,,,,
review_prior_low:019,𣨳,U+23A33,review_prior_low,agent_standard_extension_review_candidate,MISSING_DECOMPOSITION_COMPONENTS;MISSING_STRUCTURE,dictionary_context_single_source,1,nlp_han_dicts_kangxi_4w,【字彙】胡降切，音巷。死腐。,,cross_reference_dictionary_context,未审核,,,,
review_prior_low:020,𣹺,U+23E7A,review_prior_low,agent_standard_extension_review_candidate,MISSING_DECOMPOSITION_COMPONENTS;MISSING_STRUCTURE,dictionary_context_single_source,1,nlp_han_dicts_kangxi_4w,【韻會】同涎。,,cross_reference_dictionary_context,未审核,,,,
review_prior_low:021,𰛣,U+306E3,review_prior_low,agent_standard_extension_review_candidate,MISSING_DECOMPOSITION_COMPONENTS;MISSING_STRUCTURE,dictionary_context_gap,0,,,,dictionary_context_gap,未审核,,,,
review_prior_low:022,𬉽,U+2C27D,review_prior_low,agent_standard_extension_review_candidate,MISSING_DECOMPOSITION_COMPONENTS;MISSING_STRUCTURE,dictionary_context_gap,0,,,,dictionary_context_gap,未审核,,,,
review_prior_low:023,𭷩,U+2DDE9,review_prior_low,agent_standard_extension_review_candidate,MISSING_DECOMPOSITION_COMPONENTS;MISSING_STRUCTURE,dictionary_context_gap,0,,,,dictionary_context_gap,未审核,,,,
review_prior_low:024,𭹋,U+2DE4B,review_prior_low,agent_standard_extension_review_candidate,MISSING_DECOMPOSITION_COMPONENTS;MISSING_STRUCTURE,dictionary_context_gap,0,,,,dictionary_context_gap,未审核,,,,
review_prior_low:025,𤷭,U+24DED,review_prior_low,agent_standard_extension_review_candidate,MISSING_DECOMPOSITION_COMPONENTS;MISSING_STRUCTURE,dictionary_context_gap,0,,,,dictionary_context_gap,未审核,,,,
review_prior_low:026,𥅩,U+25169,review_prior_low,agent_standard_extension_review_candidate,MISSING_DECOMPOSITION_COMPONENTS;MISSING_STRUCTURE,dictionary_context_single_source,1,nlp_han_dicts_kangxi_4w,【正字通】眓字之譌。,,cross_reference_dictionary_context,未审核,,,,
review_prior_low:027,𥕷,U+25577,review_prior_low,agent_standard_extension_review_candidate,MISSING_DECOMPOSITION_COMPONENTS;MISSING_STRUCTURE,dictionary_context_single_source,1,nlp_han_dicts_kangxi_4w,【正字通】俗礝字。,,cross_reference_dictionary_context,未审核,,,,
review_prior_low:028,𥡷,U+25877,review_prior_low,agent_standard_extension_review_candidate,MISSING_DECOMPOSITION_COMPONENTS;MISSING_STRUCTURE,dictionary_context_gap,0,,,,dictionary_context_gap,未审核,,,,
review_prior_low:029,𥰆,U+25C06,review_prior_low,agent_standard_extension_review_candidate,MISSING_DECOMPOSITION_COMPONENTS;MISSING_STRUCTURE,dictionary_context_gap,0,,,,dictionary_context_gap,未审核,,,,
review_prior_low:030,𬖮,U+2C5AE,review_prior_low,agent_standard_extension_review_candidate,MISSING_DECOMPOSITION_COMPONENTS;MISSING_STRUCTURE,dictionary_context_gap,0,,,,dictionary_context_gap,未审核,,,,
review_prior_low:031,𦉜,U+2625C,review_prior_low,agent_standard_extension_review_candidate,MISSING_DECOMPOSITION_COMPONENTS;MISSING_STRUCTURE,dictionary_context_gap,0,,,,dictionary_context_gap,未审核,,,,
review_prior_low:032,𰭷,U+30B77,review_prior_low,agent_standard_extension_review_candidate,MISSING_DECOMPOSITION_COMPONENTS;MISSING_STRUCTURE,dictionary_context_gap,0,,,,dictionary_context_gap,未审核,,,,
review_prior_low:033,𮍭,U+2E36D,review_prior_low,agent_standard_extension_review_candidate,MISSING_DECOMPOSITION_COMPONENTS;MISSING_STRUCTURE,dictionary_context_gap,0,,,,dictionary_context_gap,未审核,,,,
review_prior_low:034,𦺱,U+26EB1,review_prior_low,agent_standard_extension_review_candidate,MISSING_DECOMPOSITION_COMPONENTS;MISSING_STRUCTURE,dictionary_context_single_source,1,nlp_han_dicts_kangxi_4w,【唐韻】卽移切，音貲。【玉篇】𦺱菜，生水中。,,cross_reference_dictionary_context,未审核,,,,
review_prior_low:035,𮒿,U+2E4BF,review_prior_low,agent_standard_extension_review_candidate,MISSING_DECOMPOSITION_COMPONENTS;MISSING_STRUCTURE,dictionary_context_gap,0,,,,dictionary_context_gap,未审核,,,,
review_prior_low:036,𫊹,U+2B2B9,review_prior_low,agent_standard_extension_review_candidate,MISSING_DECOMPOSITION_COMPONENTS;MISSING_STRUCTURE,dictionary_context_gap,0,,,,dictionary_context_gap,未审核,,,,
review_prior_low:037,𧡱,U+27871,review_prior_low,agent_standard_extension_review_candidate,MISSING_DECOMPOSITION_COMPONENTS;MISSING_STRUCTURE,dictionary_context_gap,0,,,,dictionary_context_gap,未审核,,,,
review_prior_low:038,𲂔,U+32094,review_prior_low,agent_standard_extension_review_candidate,MISSING_DECOMPOSITION_COMPONENTS;MISSING_STRUCTURE,dictionary_context_gap,0,,,,dictionary_context_gap,未审核,,,,
review_prior_low:039,𫎶,U+2B3B6,review_prior_low,agent_standard_extension_review_candidate,MISSING_DECOMPOSITION_COMPONENTS;MISSING_STRUCTURE,dictionary_context_gap,0,,,,dictionary_context_gap,未审核,,,,
review_prior_low:040,𨍀,U+28340,review_prior_low,agent_standard_extension_review_candidate,MISSING_DECOMPOSITION_COMPONENTS;MISSING_STRUCTURE,dictionary_context_single_source,1,nlp_han_dicts_kangxi_4w,【五音篇海】與輊同。,,cross_reference_dictionary_context,未审核,,,,
review_prior_low:041,𲅞,U+3215E,review_prior_low,agent_standard_extension_review_candidate,MISSING_DECOMPOSITION_COMPONENTS;MISSING_STRUCTURE,dictionary_context_gap,0,,,,dictionary_context_gap,未审核,,,,
review_prior_low:042,𨩜,U+28A5C,review_prior_low,agent_standard_extension_review_candidate,MISSING_DECOMPOSITION_COMPONENTS;MISSING_STRUCTURE,dictionary_context_gap,0,,,,dictionary_context_gap,未审核,,,,
review_prior_low:043,𨳾,U+28CFE,review_prior_low,agent_standard_extension_review_candidate,MISSING_DECOMPOSITION_COMPONENTS;MISSING_STRUCTURE,dictionary_context_single_source,1,nlp_han_dicts_kangxi_4w,【玉篇】古文祐字。註詳示部五畫。,,cross_reference_dictionary_context,未审核,,,,
review_prior_low:044,𩂂,U+29082,review_prior_low,agent_standard_extension_review_candidate,MISSING_DECOMPOSITION_COMPONENTS;MISSING_STRUCTURE,dictionary_context_single_source,1,nlp_han_dicts_kangxi_4w,【篇海】音忽。雷也。,,cross_reference_dictionary_context,未审核,,,,
review_prior_low:045,𩑽,U+2947D,review_prior_low,agent_standard_extension_review_candidate,MISSING_DECOMPOSITION_COMPONENTS;MISSING_STRUCTURE,dictionary_context_single_source,1,nlp_han_dicts_kangxi_4w,【正字通】同頿，省。,,cross_reference_dictionary_context,未审核,,,,
review_prior_low:046,𲋟,U+322DF,review_prior_low,agent_standard_extension_review_candidate,MISSING_DECOMPOSITION_COMPONENTS;MISSING_STRUCTURE,dictionary_context_gap,0,,,,dictionary_context_gap,未审核,,,,
review_prior_low:047,𩯽,U+29BFD,review_prior_low,agent_standard_extension_review_candidate,MISSING_DECOMPOSITION_COMPONENTS;MISSING_STRUCTURE,dictionary_context_gap,0,,,,dictionary_context_gap,未审核,,,,
review_prior_low:048,𱈚,U+3121A,review_prior_low,agent_standard_extension_review_candidate,MISSING_DECOMPOSITION_COMPONENTS;MISSING_STRUCTURE,dictionary_context_gap,0,,,,dictionary_context_gap,未审核,,,,
review_prior_low:049,𮭹,U+2EB79,review_prior_low,agent_standard_extension_review_candidate,MISSING_DECOMPOSITION_COMPONENTS;MISSING_STRUCTURE,dictionary_context_gap,0,,,,dictionary_context_gap,未审核,,,,
review_prior_low:050,𲎯,U+323AF,review_prior_low,agent_standard_extension_review_candidate,MISSING_DECOMPOSITION_COMPONENTS;MISSING_STRUCTURE,dictionary_context_gap,0,,,,dictionary_context_gap,未审核,,,,
