sample_id,unicode,char,cnbe_hex,radical,strokes,struct_type,struct_name,idx,ext,unicode_block,source_sequence,selection_reasons,reviewer_a_radical,reviewer_a_strokes,reviewer_a_structure,reviewer_a_notes,reviewer_b_radical,reviewer_b_strokes,reviewer_b_structure,reviewer_b_notes,adjudication
S0001,U+340F,㐏,0x05280030,5,5,0,独体结构,3,0,CJK Unified Ideographs Extension A,15,structure:0,,,,,,,,,
S0002,U+3410,㐐,0x05300000,5,6,0,独体结构,0,0,CJK Unified Ideographs Extension A,16,unicode_block:CJK Unified Ideographs Extension A,,,,,,,,,
S0003,U+341F,㐟,0x05480030,5,9,0,独体结构,3,0,CJK Unified Ideographs Extension A,31,structure:0,,,,,,,,,
S0004,U+3420,㐠,0x05480040,5,9,0,独体结构,4,0,CJK Unified Ideographs Extension A,32,structure:0,,,,,,,,,
S0005,U+34BC,㒼,0x0D5C0010,13,11,8,上三包围,1,0,CJK Unified Ideographs Extension A,188,structure:8,,,,,,,,,
S0006,U+3657,㙗,0x20618090,32,12,3,上下结构,9,0,CJK Unified Ideographs Extension A,599,unicode_block:CJK Unified Ideographs Extension A,,,,,,,,,
S0007,U+39B2,㦲,0x3E430020,62,8,6,右上包围,2,0,CJK Unified Ideographs Extension A,1458,structure:6,,,,,,,,,
S0008,U+3E33,㸳,0x5D488030,93,9,1,左右结构,3,0,CJK Unified Ideographs Extension A,2611,unicode_block:CJK Unified Ideographs Extension A,,,,,,,,,
S0009,U+3FBB,㾻,0x68788050,104,15,1,左右结构,5,0,CJK Unified Ideographs Extension A,3003,unicode_block:CJK Unified Ideographs Extension A,,,,,,,,,
S0010,U+40C7,䃇,0x70688100,112,13,1,左右结构,16,0,CJK Unified Ideographs Extension A,3271,seeded_fill,,,,,,,,,
S0011,U+434D,䍍,0x79808000,121,16,1,左右结构,0,0,CJK Unified Ideographs Extension A,3917,unicode_block:CJK Unified Ideographs Extension A,,,,,,,,,
S0012,U+4410,䐐,0x82688030,130,13,1,左右结构,3,0,CJK Unified Ideographs Extension A,4112,unicode_block:CJK Unified Ideographs Extension A,,,,,,,,,
S0013,U+4448,䑈,0x82988020,130,19,1,左右结构,2,0,CJK Unified Ideographs Extension A,4168,unicode_block:CJK Unified Ideographs Extension A,,,,,,,,,
S0014,U+4486,䒆,0x89908000,137,18,1,左右结构,0,0,CJK Unified Ideographs Extension A,4230,unicode_block:CJK Unified Ideographs Extension A,,,,,,,,,
S0015,U+48AD,䢭,0xA2838030,162,16,7,左下包围,3,0,CJK Unified Ideographs Extension A,5293,structure:7,,,,,,,,,
S0016,U+4992,䦒,0xA96C0000,169,13,8,上三包围,0,0,CJK Unified Ideographs Extension A,5522,structure:8,,,,,,,,,
S0017,U+4995,䦕,0xA9740000,169,14,8,上三包围,0,0,CJK Unified Ideographs Extension A,5525,structure:8,,,,,,,,,
S0018,U+4997,䦗,0xA9740020,169,14,8,上三包围,2,0,CJK Unified Ideographs Extension A,5527,structure:8,,,,,,,,,
S0019,U+49AA,䦪,0xA98C0010,169,17,8,上三包围,1,0,CJK Unified Ideographs Extension A,5546,structure:8,,,,,,,,,
S0020,U+4A63,䩣,0xB1808030,177,16,1,左右结构,3,0,CJK Unified Ideographs Extension A,5731,unicode_block:CJK Unified Ideographs Extension A,,,,,,,,,
S0021,U+4AF7,䫷,0xB5C88000,181,25,1,左右结构,0,0,CJK Unified Ideographs Extension A,5879,unicode_block:CJK Unified Ideographs Extension A,,,,,,,,,
S0022,U+4E0C,丌,0x01180050,1,3,0,独体结构,5,0,CJK Unified Ideographs,6604,structure:0,,,,,,,,,
S0023,U+4E11,丑,0x01200030,1,4,0,独体结构,3,0,CJK Unified Ideographs,6609,structure:0,,,,,,,,,
S0024,U+4E19,丙,0x01280060,1,5,0,独体结构,6,0,CJK Unified Ideographs,6617,special_radical:1,,,,,,,,,
S0025,U+4E25,严,0x01380020,1,7,0,独体结构,2,0,CJK Unified Ideographs,6629,structure:0,,,,,,,,,
S0026,U+4E3B,主,0x03280000,3,5,0,独体结构,0,0,CJK Unified Ideographs,6651,structure:0,,,,,,,,,
S0027,U+4E4B,之,0x04180050,4,3,0,独体结构,5,0,CJK Unified Ideographs,6667,special_radical:4,,,,,,,,,
S0028,U+4E4C,乌,0x04200000,4,4,0,独体结构,0,0,CJK Unified Ideographs,6668,structure:0,,,,,,,,,
S0029,U+4E68,乨,0x05300060,5,6,0,独体结构,6,0,CJK Unified Ideographs,6696,structure:0,,,,,,,,,
S0030,U+4E89,争,0x06300000,6,6,0,独体结构,0,0,CJK Unified Ideographs,6729,special_radical:6,,,,,,,,,
S0031,U+4F89,侉,0x094082F0,9,8,1,左右结构,47,0,CJK Unified Ideographs,6985,structure:1,,,,,,,,,
S0032,U+5211,刑,0x12308050,18,6,1,左右结构,5,0,CJK Unified Ideographs,7633,structure:1,,,,,,,,,
S0033,U+5273,剳,0x125880E0,18,11,1,左右结构,14,0,CJK Unified Ideographs,7731,seeded_fill,,,,,,,,,
S0034,U+5312,匒,0x145A8030,20,11,5,左上包围,3,0,CJK Unified Ideographs,7890,structure:5,,,,,,,,,
S0035,U+531D,匝,0x162C8020,22,5,9,下三包围,2,0,CJK Unified Ideographs,7901,structure:9,,,,,,,,,
S0036,U+5320,匠,0x16348010,22,6,9,下三包围,1,0,CJK Unified Ideographs,7904,structure:9,,,,,,,,,
S0037,U+5321,匡,0x16348020,22,6,9,下三包围,2,0,CJK Unified Ideographs,7905,structure:9,,,,,,,,,
S0038,U+5328,匨,0x164C8010,22,9,9,下三包围,1,0,CJK Unified Ideographs,7912,structure:9,,,,,,,,,
S0039,U+532A,匪,0x16548000,22,10,9,下三包围,0,0,CJK Unified Ideographs,7914,structure:9,,,,,,,,,
S0040,U+5333,匳,0x167C8000,22,15,9,下三包围,0,0,CJK Unified Ideographs,7923,structure:9,,,,,,,,,
S0041,U+5426,否,0x1E3981C0,30,7,3,上下结构,28,0,CJK Unified Ideographs,8166,structure:3,,,,,,,,,
S0042,U+56DB,四,0x1F2D0030,31,5,10,全包围,3,0,CJK Unified Ideographs,8859,structure:10,,,,,,,,,
S0043,U+56E5,囥,0x1F3D0010,31,7,10,全包围,1,0,CJK Unified Ideographs,8869,structure:10,,,,,,,,,
S0044,U+56FD,国,0x1F450090,31,8,10,全包围,9,0,CJK Unified Ideographs,8893,structure:10,,,,,,,,,
S0045,U+5710,圐,0x1F650040,31,12,10,全包围,4,0,CJK Unified Ideographs,8912,structure:10,,,,,,,,,
S0046,U+571B,圛,0x1F850000,31,16,10,全包围,0,0,CJK Unified Ideographs,8923,structure:10,,,,,,,,,
S0047,U+57D3,埓,0x20518210,32,10,3,上下结构,33,0,CJK Unified Ideographs,9107,structure:3,,,,,,,,,
S0048,U+58DC,壜,0x20998040,32,19,3,上下结构,4,0,CJK Unified Ideographs,9372,seeded_fill,,,,,,,,,
S0049,U+5C53,屓,0x2C528040,44,10,5,左上包围,4,0,CJK Unified Ideographs,10259,structure:5,,,,,,,,,
S0050,U+5D7A,嵺,0x2E7180E0,46,14,3,上下结构,14,0,CJK Unified Ideographs,10554,structure:3,,,,,,,,,
S0051,U+5E83,広,0x352A8030,53,5,5,左上包围,3,0,CJK Unified Ideographs,10819,structure:5,,,,,,,,,
S0052,U+5EC1,廁,0x35628060,53,12,5,左上包围,6,0,CJK Unified Ideographs,10881,structure:5,,,,,,,,,
S0053,U+621B,戛,0x3E5B0020,62,11,6,右上包围,2,0,CJK Unified Ideographs,11739,structure:6,,,,,,,,,
S0054,U+622E,戮,0x3E7B0030,62,15,6,右上包围,3,0,CJK Unified Ideographs,11758,structure:6,,,,,,,,,
S0055,U+622F,戯,0x3E7B0040,62,15,6,右上包围,4,0,CJK Unified Ideographs,11759,structure:6,,,,,,,,,
S0056,U+6230,戰,0x3E830000,62,16,6,右上包围,0,0,CJK Unified Ideographs,11760,structure:6,,,,,,,,,
S0057,U+6C1A,氚,0x543A8010,84,7,5,左上包围,1,0,CJK Unified Ideographs,14298,structure:5,,,,,,,,,
S0058,U+706A,灪,0x55F88010,85,31,1,左右结构,1,0,CJK Unified Ideographs,15402,stroke_clamp_31,,,,,,,,,
S0059,U+7592,疒,0x68288000,104,5,1,左右结构,0,0,CJK Unified Ideographs,16722,seeded_fill,,,,,,,,,
S0060,U+77EB,矫,0x6F598020,111,11,3,上下结构,2,0,CJK Unified Ideographs,17323,seeded_fill,,,,,,,,,
S0061,U+85F7,藷,0x8C908290,140,18,1,左右结构,41,0,CJK Unified Ideographs,20919,structure:1,,,,,,,,,
S0062,U+8F7C,轼,0x9F5080A0,159,10,1,左右结构,10,0,CJK Unified Ideographs,23356,seeded_fill,,,,,,,,,
S0063,U+8FBA,辺,0xA22B8020,162,5,7,左下包围,2,0,CJK Unified Ideographs,23418,structure:7,,,,,,,,,
S0064,U+8FD9,这,0xA23B8120,162,7,7,左下包围,18,0,CJK Unified Ideographs,23449,structure:7,,,,,,,,,
S0065,U+8FEE,迮,0xA2438120,162,8,7,左下包围,18,0,CJK Unified Ideographs,23470,structure:7,,,,,,,,,
S0066,U+9001,送,0xA24B80F0,162,9,7,左下包围,15,0,CJK Unified Ideographs,23489,structure:7,,,,,,,,,
S0067,U+901A,通,0xA2538160,162,10,7,左下包围,22,0,CJK Unified Ideographs,23514,structure:7,,,,,,,,,
S0068,U+902B,逫,0xA25B8060,162,11,7,左下包围,6,0,CJK Unified Ideographs,23531,structure:7,,,,,,,,,
S0069,U+902F,逯,0xA25B80A0,162,11,7,左下包围,10,0,CJK Unified Ideographs,23535,structure:7,,,,,,,,,
S0070,U+925D,鉝,0xA7688340,167,13,1,左右结构,52,0,CJK Unified Ideographs,24093,structure:1,,,,,,,,,
S0071,U+940E,鐎,0xA7A081F0,167,20,1,左右结构,31,0,CJK Unified Ideographs,24526,seeded_fill,,,,,,,,,
S0072,U+9474,鑴,0xA7D08000,167,26,1,左右结构,0,0,CJK Unified Ideographs,24628,seeded_fill,,,,,,,,,
S0073,U+958F,閏,0xA9640080,169,12,8,上三包围,8,0,CJK Unified Ideographs,24911,structure:8,,,,,,,,,
S0074,U+9590,閐,0xA9640090,169,12,8,上三包围,9,0,CJK Unified Ideographs,24912,structure:8,,,,,,,,,
S0075,U+9598,閘,0xA96C0030,169,13,8,上三包围,3,0,CJK Unified Ideographs,24920,structure:8,,,,,,,,,
S0076,U+95AF,閯,0xA97C0070,169,15,8,上三包围,7,0,CJK Unified Ideographs,24943,structure:8,,,,,,,,,
S0077,U+960A,阊,0xA95C00A0,169,11,8,上三包围,10,0,CJK Unified Ideographs,25034,structure:8,,,,,,,,,
S0078,U+961B,阛,0xA9840170,169,16,8,上三包围,23,0,CJK Unified Ideographs,25051,structure:8,,,,,,,,,
S0079,U+9628,阨,0xAA308040,170,6,1,左右结构,4,0,CJK Unified Ideographs,25064,structure:1,,,,,,,,,
S0080,U+9C79,鱹,0xC3E08000,195,28,1,左右结构,0,0,CJK Unified Ideographs,26681,seeded_fill,,,,,,,,,
S0081,U+9F7E,齾,0xD3F88010,211,31,1,左右结构,1,0,CJK Unified Ideographs,27454,stroke_clamp_31,,,,,,,,,
S0082,U+9F96,龖,0xD4F88000,212,31,1,左右结构,0,0,CJK Unified Ideographs,27478,stroke_clamp_31,,,,,,,,,
S0083,U+9F98,龘,0xD4F88020,212,31,1,左右结构,2,0,CJK Unified Ideographs,27480,stroke_clamp_31,,,,,,,,,
S0084,U+9FB1,龱,0x1F2D0050,31,5,10,全包围,5,0,CJK Unified Ideographs,27505,structure:10,,,,,,,,,
S0085,U+9FEB,鿫,0x54828010,84,16,5,左上包围,1,0,CJK Unified Ideographs,27563,special_radical:84,,,,,,,,,
S0086,U+2002E,𠀮,0x01400040,1,8,0,独体结构,4,0,CJK Unified Ideographs Extension B,27630,structure:0,,,,,,,,,
S0087,U+20040,𠁀,0x01500030,1,10,0,独体结构,3,0,CJK Unified Ideographs Extension B,27648,structure:0,,,,,,,,,
S0088,U+200A7,𠂧,0x043000A0,4,6,0,独体结构,10,0,CJK Unified Ideographs Extension B,27751,structure:0,,,,,,,,,
S0089,U+200C2,𠃂,0x04580030,4,11,0,独体结构,3,0,CJK Unified Ideographs Extension B,27778,structure:0,,,,,,,,,
S0090,U+200F1,𠃱,0x274180A0,39,8,3,上下结构,10,0,CJK Unified Ideographs Extension B,27825,structure:3,,,,,,,,,
S0091,U+2011A,𠄚,0x06580000,6,11,0,独体结构,0,0,CJK Unified Ideographs Extension B,27866,structure:0,,,,,,,,,
S0092,U+2056E,𠕮,0x0D840010,13,16,8,上三包围,1,0,CJK Unified Ideographs Extension B,28974,special_radical:13,,,,,,,,,
S0093,U+20683,𠚃,0x11308070,17,6,1,左右结构,7,0,CJK Unified Ideographs Extension B,29251,seeded_fill,,,,,,,,,
S0094,U+208CB,𠣋,0x13F98000,19,31,3,上下结构,0,0,CJK Unified Ideographs Extension B,29835,stroke_clamp_31,,,,,,,,,
S0095,U+208CC,𠣌,0x14228080,20,4,5,左上包围,8,0,CJK Unified Ideographs Extension B,29836,structure:5,,,,,,,,,
S0096,U+208F5,𠣵,0x14628020,20,12,5,左上包围,2,0,CJK Unified Ideographs Extension B,29877,special_radical:20,,,,,,,,,
S0097,U+2090A,𠤊,0x148A8020,20,17,5,左上包围,2,0,CJK Unified Ideographs Extension B,29898,structure:5,,,,,,,,,
S0098,U+2092D,𠤭,0x16248000,22,4,9,下三包围,0,0,CJK Unified Ideographs Extension B,29933,structure:9,,,,,,,,,
S0099,U+2092E,𠤮,0x16348040,22,6,9,下三包围,4,0,CJK Unified Ideographs Extension B,29934,structure:9,,,,,,,,,
S0100,U+20936,𠤶,0x163C8080,22,7,9,下三包围,8,0,CJK Unified Ideographs Extension B,29942,structure:9,,,,,,,,,
S0101,U+20937,𠤷,0x163C8090,22,7,9,下三包围,9,0,CJK Unified Ideographs Extension B,29943,structure:9,,,,,,,,,
S0102,U+2093B,𠤻,0x16448040,22,8,9,下三包围,4,0,CJK Unified Ideographs Extension B,29947,structure:9,,,,,,,,,
S0103,U+20945,𠥅,0x164C80B0,22,9,9,下三包围,11,0,CJK Unified Ideographs Extension B,29957,structure:9,,,,,,,,,
S0104,U+2094A,𠥊,0x16548040,22,10,9,下三包围,4,0,CJK Unified Ideographs Extension B,29962,structure:9,,,,,,,,,
S0105,U+2094B,𠥋,0x16548050,22,10,9,下三包围,5,0,CJK Unified Ideographs Extension B,29963,structure:9,,,,,,,,,
S0106,U+2094E,𠥎,0x165C8040,22,11,9,下三包围,4,0,CJK Unified Ideographs Extension B,29966,structure:9,,,,,,,,,
S0107,U+20952,𠥒,0x16648020,22,12,9,下三包围,2,0,CJK Unified Ideographs Extension B,29970,structure:9,,,,,,,,,
S0108,U+20966,𠥦,0x169C8010,22,19,9,下三包围,1,0,CJK Unified Ideographs Extension B,29990,structure:9,,,,,,,,,
S0109,U+2096C,𠥬,0x16F48000,22,30,9,下三包围,0,0,CJK Unified Ideographs Extension B,29996,structure:9,,,,,,,,,
S0110,U+20A0C,𠨌,0x19F98000,25,31,3,上下结构,0,0,CJK Unified Ideographs Extension B,30156,stroke_clamp_31,,,,,,,,,
S0111,U+20A34,𠨴,0x1B328090,27,6,5,左上包围,9,0,CJK Unified Ideographs Extension B,30196,structure:5,,,,,,,,,
S0112,U+20A43,𠩃,0x1B3A80B0,27,7,5,左上包围,11,0,CJK Unified Ideographs Extension B,30211,special_radical:27,,,,,,,,,
S0113,U+20A66,𠩦,0x1B4A8160,27,9,5,左上包围,22,0,CJK Unified Ideographs Extension B,30246,structure:5,,,,,,,,,
S0114,U+20ACE,𠫎,0x1BBA8020,27,23,5,左上包围,2,0,CJK Unified Ideographs Extension B,30350,structure:5,,,,,,,,,
S0115,U+20D70,𠵰,0x1E598B30,30,11,3,上下结构,179,0,CJK Unified Ideographs Extension B,31024,structure:3,,,,,,,,,
S0116,U+20D89,𠶉,0x1E598CC0,30,11,3,上下结构,204,0,CJK Unified Ideographs Extension B,31049,structure:3,,,,,,,,,
S0117,U+210DA,𡃚,0x1E918620,30,18,3,上下结构,98,0,CJK Unified Ideographs Extension B,31898,seeded_fill,,,,,,,,,
S0118,U+211A5,𡆥,0x1F2D0090,31,5,10,全包围,9,0,CJK Unified Ideographs Extension B,32101,structure:10,,,,,,,,,
S0119,U+211BC,𡆼,0x1F3D01A0,31,7,10,全包围,26,0,CJK Unified Ideographs Extension B,32124,structure:10,,,,,,,,,
S0120,U+211C3,𡇃,0x1F3D0210,31,7,10,全包围,33,0,CJK Unified Ideographs Extension B,32131,structure:10,,,,,,,,,
S0121,U+211DB,𡇛,0x1F4D00C0,31,9,10,全包围,12,0,CJK Unified Ideographs Extension B,32155,structure:10,,,,,,,,,
S0122,U+211E3,𡇣,0x1F5500A0,31,10,10,全包围,10,0,CJK Unified Ideographs Extension B,32163,structure:10,,,,,,,,,
S0123,U+211FD,𡇽,0x1F650060,31,12,10,全包围,6,0,CJK Unified Ideographs Extension B,32189,structure:10,,,,,,,,,
S0124,U+2121D,𡈝,0x1F7500D0,31,14,10,全包围,13,0,CJK Unified Ideographs Extension B,32221,structure:10,,,,,,,,,
S0125,U+21228,𡈨,0x1F7D0060,31,15,10,全包围,6,0,CJK Unified Ideographs Extension B,32232,structure:10,,,,,,,,,
S0126,U+212F5,𡋵,0x20518330,32,10,3,上下结构,51,0,CJK Unified Ideographs Extension B,32437,seeded_fill,,,,,,,,,
S0127,U+214B3,𡒳,0x20918080,32,18,3,上下结构,8,0,CJK Unified Ideographs Extension B,32883,structure:3,,,,,,,,,
S0128,U+21585,𡖅,0x24298050,36,5,3,上下结构,5,0,CJK Unified Ideographs Extension B,33093,structure:3,,,,,,,,,
S0129,U+215A2,𡖢,0x24598070,36,11,3,上下结构,7,0,CJK Unified Ideographs Extension B,33122,structure:3,,,,,,,,,
S0130,U+219EA,𡧪,0x284980F0,40,9,3,上下结构,15,0,CJK Unified Ideographs Extension B,34218,structure:3,,,,,,,,,
S0131,U+21A20,𡨠,0x28518370,40,10,3,上下结构,55,0,CJK Unified Ideographs Extension B,34272,structure:3,,,,,,,,,
S0132,U+21AF5,𡫵,0x289980C0,40,19,3,上下结构,12,0,CJK Unified Ideographs Extension B,34485,structure:3,,,,,,,,,
S0133,U+21BBB,𡮻,0x2A918040,42,18,3,上下结构,4,0,CJK Unified Ideographs Extension B,34683,structure:3,,,,,,,,,
S0134,U+21C2B,𡰫,0x2C328050,44,6,5,左上包围,5,0,CJK Unified Ideographs Extension B,34795,structure:5,,,,,,,,,
S0135,U+21C30,𡰰,0x2C3280A0,44,6,5,左上包围,10,0,CJK Unified Ideographs Extension B,34800,structure:5,,,,,,,,,
S0136,U+21C4C,𡱌,0x2C4A80A0,44,9,5,左上包围,10,0,CJK Unified Ideographs Extension B,34828,structure:5,,,,,,,,,
S0137,U+21C5E,𡱞,0x2C4A81C0,44,9,5,左上包围,28,0,CJK Unified Ideographs Extension B,34846,seeded_fill,,,,,,,,,
S0138,U+21C8A,𡲊,0x2C5A8170,44,11,5,左上包围,23,0,CJK Unified Ideographs Extension B,34890,structure:5,,,,,,,,,
S0139,U+21CA6,𡲦,0x2C628170,44,12,5,左上包围,23,0,CJK Unified Ideographs Extension B,34918,special_radical:44,,,,,,,,,
S0140,U+21CA8,𡲨,0x2C628190,44,12,5,左上包围,25,0,CJK Unified Ideographs Extension B,34920,structure:5,,,,,,,,,
S0141,U+21CD6,𡳖,0x2C7A80C0,44,15,5,左上包围,12,0,CJK Unified Ideographs Extension B,34966,structure:5,,,,,,,,,
S0142,U+21E5E,𡹞,0x2E598860,46,11,3,上下结构,134,0,CJK Unified Ideographs Extension B,35358,structure:3,,,,,,,,,
S0143,U+21FE5,𡿥,0x2EF98000,46,31,3,上下结构,0,0,CJK Unified Ideographs Extension B,35749,stroke_clamp_31,,,,,,,,,
S0144,U+221C0,𢇀,0x2C4A8200,44,9,5,左上包围,32,0,CJK Unified Ideographs Extension B,36224,structure:5,,,,,,,,,
S0145,U+221E0,𢇠,0x353280F0,53,6,5,左上包围,15,0,CJK Unified Ideographs Extension B,36256,structure:5,,,,,,,,,
S0146,U+22263,𢉣,0x35628150,53,12,5,左上包围,21,0,CJK Unified Ideographs Extension B,36387,structure:5,,,,,,,,,
S0147,U+22269,𢉩,0x356281B0,53,12,5,左上包围,27,0,CJK Unified Ideographs Extension B,36393,structure:5,,,,,,,,,
S0148,U+2229C,𢊜,0x35728150,53,14,5,左上包围,21,0,CJK Unified Ideographs Extension B,36444,special_radical:53,,,,,,,,,
S0149,U+22327,𢌧,0x36538010,54,10,7,左下包围,1,0,CJK Unified Ideographs Extension B,36583,structure:7,,,,,,,,,
S0150,U+2235F,𢍟,0x37618050,55,12,3,上下结构,5,0,CJK Unified Ideographs Extension B,36639,structure:3,,,,,,,,,
S0151,U+22392,𢎒,0x387A8010,56,15,5,左上包围,1,0,CJK Unified Ideographs Extension B,36690,special_radical:56,,,,,,,,,
S0152,U+2244A,𢑊,0x39B18010,57,22,3,上下结构,1,0,CJK Unified Ideographs Extension B,36874,structure:3,,,,,,,,,
S0153,U+2244E,𢑎,0x39F98000,57,31,3,上下结构,0,0,CJK Unified Ideographs Extension B,36878,stroke_clamp_31,,,,,,,,,
S0154,U+22658,𢙘,0x3D488710,61,9,1,左右结构,113,0,CJK Unified Ideographs Extension B,37400,structure:1,,,,,,,,,
S0155,U+227BF,𢞿,0x3D6886B0,61,13,1,左右结构,107,0,CJK Unified Ideographs Extension B,37759,structure:1,,,,,,,,,
S0156,U+2299C,𢦜,0x3E430090,62,8,6,右上包围,9,0,CJK Unified Ideographs Extension B,38236,structure:6,,,,,,,,,
S0157,U+2299E,𢦞,0x3E4300B0,62,8,6,右上包围,11,0,CJK Unified Ideographs Extension B,38238,structure:6,,,,,,,,,
S0158,U+229A7,𢦧,0x3E4B0030,62,9,6,右上包围,3,0,CJK Unified Ideographs Extension B,38247,structure:6,,,,,,,,,
S0159,U+229B6,𢦶,0x3E4B0120,62,9,6,右上包围,18,0,CJK Unified Ideographs Extension B,38262,structure:6,,,,,,,,,
S0160,U+229B8,𢦸,0x3E530050,62,10,6,右上包围,5,0,CJK Unified Ideographs Extension B,38264,structure:6,,,,,,,,,
S0161,U+229BD,𢦽,0x3E5300A0,62,10,6,右上包围,10,0,CJK Unified Ideographs Extension B,38269,structure:6,,,,,,,,,
S0162,U+229BF,𢦿,0x3E5B0050,62,11,6,右上包围,5,0,CJK Unified Ideographs Extension B,38271,structure:6,,,,,,,,,
S0163,U+229C4,𢧄,0x3E5B00A0,62,11,6,右上包围,10,0,CJK Unified Ideographs Extension B,38276,structure:6,,,,,,,,,
S0164,U+229C5,𢧅,0x3E5B00B0,62,11,6,右上包围,11,0,CJK Unified Ideographs Extension B,38277,structure:6,,,,,,,,,
S0165,U+229C8,𢧈,0x3E630050,62,12,6,右上包围,5,0,CJK Unified Ideographs Extension B,38280,structure:6,,,,,,,,,
S0166,U+229C9,𢧉,0x3E630060,62,12,6,右上包围,6,0,CJK Unified Ideographs Extension B,38281,structure:6,,,,,,,,,
S0167,U+229D1,𢧑,0x3E6300E0,62,12,6,右上包围,14,0,CJK Unified Ideographs Extension B,38289,structure:6,,,,,,,,,
S0168,U+229DA,𢧚,0x3E6B00C0,62,13,6,右上包围,12,0,CJK Unified Ideographs Extension B,38298,structure:6,,,,,,,,,
S0169,U+229DC,𢧜,0x3E6B00E0,62,13,6,右上包围,14,0,CJK Unified Ideographs Extension B,38300,structure:6,,,,,,,,,
S0170,U+229E2,𢧢,0x3E730080,62,14,6,右上包围,8,0,CJK Unified Ideographs Extension B,38306,structure:6,,,,,,,,,
S0171,U+229EB,𢧫,0x3E730100,62,14,6,右上包围,16,0,CJK Unified Ideographs Extension B,38315,structure:6,,,,,,,,,
S0172,U+22A14,𢨔,0x3E8B0040,62,17,6,右上包围,4,0,CJK Unified Ideographs Extension B,38356,structure:6,,,,,,,,,
S0173,U+22A16,𢨖,0x3E8B0060,62,17,6,右上包围,6,0,CJK Unified Ideographs Extension B,38358,structure:6,,,,,,,,,
S0174,U+22A18,𢨘,0x3E930010,62,18,6,右上包围,1,0,CJK Unified Ideographs Extension B,38360,structure:6,,,,,,,,,
S0175,U+22A1B,𢨛,0x3E9B0010,62,19,6,右上包围,1,0,CJK Unified Ideographs Extension B,38363,special_radical:62,,,,,,,,,
S0176,U+22CAF,𢲯,0x40688A90,64,13,1,左右结构,169,0,CJK Unified Ideographs Extension B,39023,structure:1,,,,,,,,,
S0177,U+23097,𣂗,0x45408070,69,8,1,左右结构,7,0,CJK Unified Ideographs Extension B,40023,seeded_fill,,,,,,,,,
S0178,U+2315D,𣅝,0x48408270,72,8,1,左右结构,39,0,CJK Unified Ideographs Extension B,40221,seeded_fill,,,,,,,,,
S0179,U+2335C,𣍜,0x49F88000,73,31,1,左右结构,0,0,CJK Unified Ideographs Extension B,40732,stroke_clamp_31,,,,,,,,,
S0180,U+23647,𣙇,0x4B788900,75,15,1,左右结构,144,0,CJK Unified Ideographs Extension B,41479,seeded_fill,,,,,,,,,
S0181,U+2367C,𣙼,0x4B808690,75,16,1,左右结构,105,0,CJK Unified Ideographs Extension B,41532,structure:1,,,,,,,,,
S0182,U+2387F,𣡿,0x4BF88030,75,31,1,左右结构,3,0,CJK Unified Ideographs Extension B,42047,stroke_clamp_31,,,,,,,,,
S0183,U+23B54,𣭔,0x524981F0,82,9,3,上下结构,31,0,CJK Unified Ideographs Extension B,42772,structure:3,,,,,,,,,
S0184,U+23BD8,𣯘,0x527181B0,82,14,3,上下结构,27,0,CJK Unified Ideographs Extension B,42904,structure:3,,,,,,,,,
S0185,U+23DF8,𣷸,0x555890A0,85,11,1,左右结构,266,0,CJK Unified Ideographs Extension B,43448,seeded_fill,,,,,,,,,
S0186,U+23ED3,𣻓,0x55708710,85,14,1,左右结构,113,0,CJK Unified Ideographs Extension B,43667,structure:1,,,,,,,,,
S0187,U+24073,𤁳,0x55908320,85,18,1,左右结构,50,0,CJK Unified Ideographs Extension B,44083,structure:1,,,,,,,,,
S0188,U+24180,𤆀,0x55F88020,85,31,1,左右结构,2,0,CJK Unified Ideographs Extension B,44352,stroke_clamp_31,,,,,,,,,
S0189,U+24182,𤆂,0x56288010,86,5,1,左右结构,1,0,CJK Unified Ideographs Extension B,44354,structure:1,,,,,,,,,
S0190,U+242B3,𤊳,0x56688460,86,13,1,左右结构,70,0,CJK Unified Ideographs Extension B,44659,structure:1,,,,,,,,,
S0191,U+244EE,𤓮,0x56F88010,86,31,1,左右结构,1,0,CJK Unified Ideographs Extension B,45230,stroke_clamp_31,,,,,,,,,
S0192,U+24D10,𤴐,0x66F88000,102,31,1,左右结构,0,0,CJK Unified Ideographs Extension B,47312,stroke_clamp_31,,,,,,,,,
S0193,U+24F2E,𤼮,0x69598020,105,11,3,上下结构,2,0,CJK Unified Ideographs Extension B,47854,structure:3,,,,,,,,,
S0194,U+2503E,𥀾,0xCFF88000,207,31,1,左右结构,0,0,CJK Unified Ideographs Extension B,48126,stroke_clamp_31,,,,,,,,,
S0195,U+2539F,𥎟,0x6EA08020,110,20,1,左右结构,2,0,CJK Unified Ideographs Extension B,48991,structure:1,,,,,,,,,
S0196,U+25C66,𥱦,0x76808800,118,16,1,左右结构,128,0,CJK Unified Ideographs Extension B,51238,structure:1,,,,,,,,,
S0197,U+25D99,𥶙,0x76A88220,118,21,1,左右结构,34,0,CJK Unified Ideographs Extension B,51545,seeded_fill,,,,,,,,,
S0198,U+25EA8,𥺨,0x77718210,119,14,3,上下结构,33,0,CJK Unified Ideographs Extension B,51816,structure:3,,,,,,,,,
S0199,U+25F35,𥼵,0x779182B0,119,18,3,上下结构,43,0,CJK Unified Ideographs Extension B,51957,seeded_fill,,,,,,,,,
S0200,U+25F84,𥾄,0x77F98010,119,31,3,上下结构,1,0,CJK Unified Ideographs Extension B,52036,stroke_clamp_31,,,,,,,,,
S0201,U+25FC4,𥿄,0x785884D0,120,11,1,左右结构,77,0,CJK Unified Ideographs Extension B,52100,structure:1,,,,,,,,,
S0202,U+260D9,𦃙,0x78808470,120,16,1,左右结构,71,0,CJK Unified Ideographs Extension B,52377,seeded_fill,,,,,,,,,
S0203,U+26121,𦄡,0x78888440,120,17,1,左右结构,68,0,CJK Unified Ideographs Extension B,52449,seeded_fill,,,,,,,,,
S0204,U+26255,𦉕,0x79908030,121,18,1,左右结构,3,0,CJK Unified Ideographs Extension B,52757,seeded_fill,,,,,,,,,
S0205,U+262C9,𦋉,0x7A698100,122,13,3,上下结构,16,0,CJK Unified Ideographs Extension B,52873,structure:3,,,,,,,,,
S0206,U+26414,𦐔,0x7C5081B0,124,10,1,左右结构,27,0,CJK Unified Ideographs Extension B,53204,seeded_fill,,,,,,,,,
S0207,U+26553,𦕓,0x80598100,128,11,3,上下结构,16,0,CJK Unified Ideographs Extension B,53523,structure:3,,,,,,,,,
S0208,U+268F8,𦣸,0x83F98000,131,31,3,上下结构,0,0,CJK Unified Ideographs Extension B,54456,stroke_clamp_31,,,,,,,,,
S0209,U+26C65,𦱥,0x8C608C40,140,12,1,左右结构,196,0,CJK Unified Ideographs Extension B,55333,seeded_fill,,,,,,,,,
S0210,U+26DAA,𦶪,0x8C708A80,140,14,1,左右结构,168,0,CJK Unified Ideographs Extension B,55658,seeded_fill,,,,,,,,,
S0211,U+27050,𧁐,0x8C9885C0,140,19,1,左右结构,92,0,CJK Unified Ideographs Extension B,56336,seeded_fill,,,,,,,,,
S0212,U+27197,𧆗,0x8CF88020,140,31,1,左右结构,2,0,CJK Unified Ideographs Extension B,56663,stroke_clamp_31,,,,,,,,,
S0213,U+2793E,𧤾,0x94988090,148,19,1,左右结构,9,0,CJK Unified Ideographs Extension B,58622,structure:1,,,,,,,,,
S0214,U+27CA8,𧲨,0x995880A0,153,11,1,左右结构,10,0,CJK Unified Ideographs Extension B,59496,seeded_fill,,,,,,,,,
S0215,U+2846D,𨑭,0xA23B8240,162,7,7,左下包围,36,0,CJK Unified Ideographs Extension B,61485,structure:7,,,,,,,,,
S0216,U+28470,𨑰,0xA23B8270,162,7,7,左下包围,39,0,CJK Unified Ideographs Extension B,61488,structure:7,,,,,,,,,
S0217,U+284B6,𨒶,0xA24B82A0,162,9,7,左下包围,42,0,CJK Unified Ideographs Extension B,61558,structure:7,,,,,,,,,
S0218,U+284CA,𨓊,0xA2538290,162,10,7,左下包围,41,0,CJK Unified Ideographs Extension B,61578,structure:7,,,,,,,,,
S0219,U+284EF,𨓯,0xA25B81D0,162,11,7,左下包围,29,0,CJK Unified Ideographs Extension B,61615,structure:7,,,,,,,,,
S0220,U+28511,𨔑,0xA25B83E0,162,11,7,左下包围,62,0,CJK Unified Ideographs Extension B,61649,structure:7,,,,,,,,,
S0221,U+28562,𨕢,0xA26B8150,162,13,7,左下包围,21,0,CJK Unified Ideographs Extension B,61730,structure:7,,,,,,,,,
S0222,U+28587,𨖇,0xA2738100,162,14,7,左下包围,16,0,CJK Unified Ideographs Extension B,61767,special_radical:162,,,,,,,,,
S0223,U+285D9,𨗙,0xA27B8340,162,15,7,左下包围,52,0,CJK Unified Ideographs Extension B,61849,structure:7,,,,,,,,,
S0224,U+2890D,𨤍,0xA4F88000,164,31,1,左右结构,0,0,CJK Unified Ideographs Extension B,62669,stroke_clamp_31,,,,,,,,,
S0225,U+28CDF,𨳟,0xA96401E0,169,12,8,上三包围,30,0,CJK Unified Ideographs Extension B,63647,structure:8,,,,,,,,,
S0226,U+28CEA,𨳪,0xA9640290,169,12,8,上三包围,41,0,CJK Unified Ideographs Extension B,63658,structure:8,,,,,,,,,
S0227,U+28CF8,𨳸,0xA96C0150,169,13,8,上三包围,21,0,CJK Unified Ideographs Extension B,63672,structure:8,,,,,,,,,
S0228,U+28D09,𨴉,0xA96C0260,169,13,8,上三包围,38,0,CJK Unified Ideographs Extension B,63689,structure:8,,,,,,,,,
S0229,U+28D1B,𨴛,0xA9740240,169,14,8,上三包围,36,0,CJK Unified Ideographs Extension B,63707,structure:8,,,,,,,,,
S0230,U+28D29,𨴩,0xA97C00E0,169,15,8,上三包围,14,0,CJK Unified Ideographs Extension B,63721,structure:8,,,,,,,,,
S0231,U+28D48,𨵈,0xA9840180,169,16,8,上三包围,24,0,CJK Unified Ideographs Extension B,63752,structure:8,,,,,,,,,
S0232,U+28D72,𨵲,0xA98C0220,169,17,8,上三包围,34,0,CJK Unified Ideographs Extension B,63794,structure:8,,,,,,,,,
S0233,U+28D85,𨶅,0xA99400E0,169,18,8,上三包围,14,0,CJK Unified Ideographs Extension B,63813,special_radical:169,,,,,,,,,
S0234,U+28D8C,𨶌,0xA9940150,169,18,8,上三包围,21,0,CJK Unified Ideographs Extension B,63820,structure:8,,,,,,,,,
S0235,U+28DA3,𨶣,0xA99C00E0,169,19,8,上三包围,14,0,CJK Unified Ideographs Extension B,63843,structure:8,,,,,,,,,
S0236,U+28DA7,𨶧,0xA99C0120,169,19,8,上三包围,18,0,CJK Unified Ideographs Extension B,63847,structure:8,,,,,,,,,
S0237,U+28DD7,𨷗,0xA9AC01A0,169,21,8,上三包围,26,0,CJK Unified Ideographs Extension B,63895,structure:8,,,,,,,,,
S0238,U+28DEE,𨷮,0xA9C40080,169,24,8,上三包围,8,0,CJK Unified Ideographs Extension B,63918,structure:8,,,,,,,,,
S0239,U+28DF8,𨷸,0xA9CC0070,169,25,8,上三包围,7,0,CJK Unified Ideographs Extension B,63928,structure:8,,,,,,,,,
S0240,U+28DFD,𨷽,0xA9FC0000,169,31,8,上三包围,0,0,CJK Unified Ideographs Extension B,63933,stroke_clamp_31,,,,,,,,,
S0241,U+28E32,𨸲,0xAA3881F0,170,7,1,左右结构,31,0,CJK Unified Ideographs Extension B,63986,structure:1,,,,,,,,,
S0242,U+28F3B,𨼻,0xAA788170,170,15,1,左右结构,23,0,CJK Unified Ideographs Extension B,64251,structure:1,,,,,,,,,
S0243,U+28FFE,𨿾,0xAC818220,172,16,3,上下结构,34,0,CJK Unified Ideographs Extension B,64446,structure:3,,,,,,,,,
S0244,U+291D0,𩇐,0xADF88040,173,31,1,左右结构,4,0,CJK Unified Ideographs Extension B,64912,stroke_clamp_31,,,,,,,,,
S0245,U+2938D,𩎍,0xB1F88010,177,31,1,左右结构,1,0,CJK Unified Ideographs Extension B,65357,stroke_clamp_31,,,,,,,,,
S0246,U+2938F,𩎏,0xB1F88030,177,31,1,左右结构,3,0,CJK Unified Ideographs Extension B,65359,stroke_clamp_31,,,,,,,,,
S0247,U+2944D,𩑍,0xB5588080,181,11,1,左右结构,8,0,CJK Unified Ideographs Extension B,65549,seeded_fill,,,,,,,,,
S0248,U+29663,𩙣,0xB6F88030,182,31,1,左右结构,3,0,CJK Unified Ideographs Extension B,66083,stroke_clamp_31,,,,,,,,,
S0249,U+29664,𩙤,0xB6F88040,182,31,1,左右结构,4,0,CJK Unified Ideographs Extension B,66084,stroke_clamp_31,,,,,,,,,
S0250,U+29AF3,𩫳,0xBDF88000,189,31,1,左右结构,0,0,CJK Unified Ideographs Extension B,67251,stroke_clamp_31,,,,,,,,,
S0251,U+29C74,𩱴,0xC1F88000,193,31,1,左右结构,0,0,CJK Unified Ideographs Extension B,67636,stroke_clamp_31,,,,,,,,,
S0252,U+29C77,𩱷,0xC1F88030,193,31,1,左右结构,3,0,CJK Unified Ideographs Extension B,67639,stroke_clamp_31,,,,,,,,,
S0253,U+29C78,𩱸,0xC1F88040,193,31,1,左右结构,4,0,CJK Unified Ideographs Extension B,67640,stroke_clamp_31,,,,,,,,,
S0254,U+29C92,𩲒,0xC26880D0,194,13,1,左右结构,13,0,CJK Unified Ideographs Extension B,67666,structure:1,,,,,,,,,
S0255,U+29D49,𩵉,0xC2F88010,194,31,1,左右结构,1,0,CJK Unified Ideographs Extension B,67849,stroke_clamp_31,,,,,,,,,
S0256,U+29E32,𩸲,0xC39887C0,195,19,1,左右结构,124,0,CJK Unified Ideographs Extension B,68082,seeded_fill,,,,,,,,,
S0257,U+29F77,𩽷,0xC3F88060,195,31,1,左右结构,6,0,CJK Unified Ideographs Extension B,68407,stroke_clamp_31,,,,,,,,,
S0258,U+2A239,𪈹,0xC4F88090,196,31,1,左右结构,9,0,CJK Unified Ideographs Extension B,69113,stroke_clamp_31,,,,,,,,,
S0259,U+2A23B,𪈻,0xC4F880B0,196,31,1,左右结构,11,0,CJK Unified Ideographs Extension B,69115,stroke_clamp_31,,,,,,,,,
S0260,U+2A23D,𪈽,0xC4F880D0,196,31,1,左右结构,13,0,CJK Unified Ideographs Extension B,69117,stroke_clamp_31,,,,,,,,,
S0261,U+2A4CA,𪓊,0xCBF88030,203,31,1,左右结构,3,0,CJK Unified Ideographs Extension B,69770,stroke_clamp_31,,,,,,,,,
S0262,U+2A67E,𪙾,0xD3F88030,211,31,1,左右结构,3,0,CJK Unified Ideographs Extension B,70206,stroke_clamp_31,,,,,,,,,
S0263,U+2A682,𪚂,0xD3F88070,211,31,1,左右结构,7,0,CJK Unified Ideographs Extension B,70210,stroke_clamp_31,,,,,,,,,
S0264,U+2A683,𪚃,0xD3F88080,211,31,1,左右结构,8,0,CJK Unified Ideographs Extension B,70211,stroke_clamp_31,,,,,,,,,
S0265,U+2A687,𪚇,0xD3F880C0,211,31,1,左右结构,12,0,CJK Unified Ideographs Extension B,70215,stroke_clamp_31,,,,,,,,,
S0266,U+2A688,𪚈,0xD3F880D0,211,31,1,左右结构,13,0,CJK Unified Ideographs Extension B,70216,stroke_clamp_31,,,,,,,,,
S0267,U+2A689,𪚉,0xD3F880E0,211,31,1,左右结构,14,0,CJK Unified Ideographs Extension B,70217,stroke_clamp_31,,,,,,,,,
S0268,U+2A68A,𪚊,0xD3F880F0,211,31,1,左右结构,15,0,CJK Unified Ideographs Extension B,70218,stroke_clamp_31,,,,,,,,,
S0269,U+2A6C8,𪛈,0xD5F88000,213,31,1,左右结构,0,0,CJK Unified Ideographs Extension B,70280,stroke_clamp_31,,,,,,,,,
S0270,U+2A707,𪜇,0x01800080,1,16,0,独体结构,8,0,CJK Unified Ideographs Extension C,70311,structure:0,,,,,,,,,
S0271,U+2A7DF,𪟟,0x135181C0,19,10,3,上下结构,28,0,CJK Unified Ideographs Extension C,70527,unicode_block:CJK Unified Ideographs Extension C,,,,,,,,,
S0272,U+2A7EC,𪟬,0x16348080,22,6,9,下三包围,8,0,CJK Unified Ideographs Extension C,70540,structure:9,,,,,,,,,
S0273,U+2A7EF,𪟯,0x164C80F0,22,9,9,下三包围,15,0,CJK Unified Ideographs Extension C,70543,structure:9,,,,,,,,,
S0274,U+2A7F2,𪟲,0x16A48030,22,20,9,下三包围,3,0,CJK Unified Ideographs Extension C,70546,structure:9,,,,,,,,,
S0275,U+2A815,𪠕,0x1B6A80E0,27,13,5,左上包围,14,0,CJK Unified Ideographs Extension C,70581,structure:5,,,,,,,,,
S0276,U+2A8AF,𪢯,0x1F750120,31,14,10,全包围,18,0,CJK Unified Ideographs Extension C,70735,structure:10,,,,,,,,,
S0277,U+2AA1A,𪨚,0x2C728120,44,14,5,左上包围,18,0,CJK Unified Ideographs Extension C,71098,unicode_block:CJK Unified Ideographs Extension C,,,,,,,,,
S0278,U+2AAB1,𪪱,0x365B8030,54,11,7,左下包围,3,0,CJK Unified Ideographs Extension C,71249,structure:7,,,,,,,,,
S0279,U+2AB7E,𪭾,0x40508A40,64,10,1,左右结构,164,0,CJK Unified Ideographs Extension C,71454,unicode_block:CJK Unified Ideographs Extension C,,,,,,,,,
S0280,U+2ACA5,𪲥,0x4B608FB0,75,12,1,左右结构,251,0,CJK Unified Ideographs Extension C,71749,unicode_block:CJK Unified Ideographs Extension C,,,,,,,,,
S0281,U+2ADFE,𪷾,0x559885B0,85,19,1,左右结构,91,0,CJK Unified Ideographs Extension C,72094,unicode_block:CJK Unified Ideographs Extension C,,,,,,,,,
S0282,U+2AE75,𪹵,0x568884B0,86,17,1,左右结构,75,0,CJK Unified Ideographs Extension C,72213,unicode_block:CJK Unified Ideographs Extension C,,,,,,,,,
S0283,U+2AE9A,𪺚,0x57F88000,87,31,1,左右结构,0,0,CJK Unified Ideographs Extension C,72250,stroke_clamp_31,,,,,,,,,
S0284,U+2B1AA,𫆪,0x827085E0,130,14,1,左右结构,94,0,CJK Unified Ideographs Extension C,73034,unicode_block:CJK Unified Ideographs Extension C,,,,,,,,,
S0285,U+2B1B6,𫆶,0x828085E0,130,16,1,左右结构,94,0,CJK Unified Ideographs Extension C,73046,seeded_fill,,,,,,,,,
S0286,U+2B1FE,𫇾,0x8C508B40,140,10,1,左右结构,180,0,CJK Unified Ideographs Extension C,73118,unicode_block:CJK Unified Ideographs Extension C,,,,,,,,,
S0287,U+2B42A,𫐪,0xA25384E0,162,10,7,左下包围,78,0,CJK Unified Ideographs Extension C,73674,structure:7,,,,,,,,,
S0288,U+2B432,𫐲,0xA25B8520,162,11,7,左下包围,82,0,CJK Unified Ideographs Extension C,73682,structure:7,,,,,,,,,
S0289,U+2B43C,𫐼,0xA26B83B0,162,13,7,左下包围,59,0,CJK Unified Ideographs Extension C,73692,structure:7,,,,,,,,,
S0290,U+2B5A7,𫖧,0xB5A88220,181,21,1,左右结构,34,0,CJK Unified Ideographs Extension C,74055,unicode_block:CJK Unified Ideographs Extension C,,,,,,,,,
S0291,U+2B5C4,𫗄,0xB6B08080,182,22,1,左右结构,8,0,CJK Unified Ideographs Extension C,74084,unicode_block:CJK Unified Ideographs Extension C,,,,,,,,,
S0292,U+2B741,𫝁,0x013000E0,1,6,0,独体结构,14,0,CJK Unified Ideographs Extension D,74465,structure:0;unicode_block:CJK Unified Ideographs Extension D,,,,,,,,,
S0293,U+2B745,𫝅,0x083180B0,8,6,3,上下结构,11,0,CJK Unified Ideographs Extension D,74469,unicode_block:CJK Unified Ideographs Extension D,,,,,,,,,
S0294,U+2B753,𫝓,0x18418130,24,8,3,上下结构,19,0,CJK Unified Ideographs Extension D,74483,unicode_block:CJK Unified Ideographs Extension D,,,,,,,,,
S0295,U+2B75C,𫝜,0x1E898700,30,17,3,上下结构,112,0,CJK Unified Ideographs Extension D,74492,unicode_block:CJK Unified Ideographs Extension D,,,,,,,,,
S0296,U+2B761,𫝡,0x208184C0,32,16,3,上下结构,76,0,CJK Unified Ideographs Extension D,74497,unicode_block:CJK Unified Ideographs Extension D,,,,,,,,,
S0297,U+2B767,𫝧,0x26488720,38,9,1,左右结构,114,0,CJK Unified Ideographs Extension D,74503,unicode_block:CJK Unified Ideographs Extension D,,,,,,,,,
S0298,U+2B774,𫝴,0x2E498570,46,9,3,上下结构,87,0,CJK Unified Ideographs Extension D,74516,unicode_block:CJK Unified Ideographs Extension D,,,,,,,,,
S0299,U+2B77C,𫝼,0x40608DC0,64,12,1,左右结构,220,0,CJK Unified Ideographs Extension D,74524,unicode_block:CJK Unified Ideographs Extension D,,,,,,,,,
S0300,U+2B78C,𫞌,0x4B708F30,75,14,1,左右结构,243,0,CJK Unified Ideographs Extension D,74540,unicode_block:CJK Unified Ideographs Extension D,,,,,,,,,
S0301,U+2B7BA,𫞺,0x74B18030,116,22,3,上下结构,3,0,CJK Unified Ideographs Extension D,74586,unicode_block:CJK Unified Ideographs Extension D,,,,,,,,,
S0302,U+2B7C3,𫟃,0x78488330,120,9,1,左右结构,51,0,CJK Unified Ideographs Extension D,74595,unicode_block:CJK Unified Ideographs Extension D,,,,,,,,,
S0303,U+2B7C5,𫟅,0x78588780,120,11,1,左右结构,120,0,CJK Unified Ideographs Extension D,74597,unicode_block:CJK Unified Ideographs Extension D,,,,,,,,,
S0304,U+2B7C8,𫟈,0x7B4980B0,123,9,3,上下结构,11,0,CJK Unified Ideographs Extension D,74600,unicode_block:CJK Unified Ideographs Extension D,,,,,,,,,
S0305,U+2B7D7,𫟗,0x8EA083C0,142,20,1,左右结构,60,0,CJK Unified Ideographs Extension D,74615,unicode_block:CJK Unified Ideographs Extension D,,,,,,,,,
S0306,U+2B7D8,𫟘,0x90788080,144,15,1,左右结构,8,0,CJK Unified Ideographs Extension D,74616,unicode_block:CJK Unified Ideographs Extension D,,,,,,,,,
S0307,U+2B7DD,𫟝,0x95B08280,149,22,1,左右结构,40,0,CJK Unified Ideographs Extension D,74621,unicode_block:CJK Unified Ideographs Extension D,,,,,,,,,
S0308,U+2B7E8,𫟨,0xA2638670,162,12,7,左下包围,103,0,CJK Unified Ideographs Extension D,74632,unicode_block:CJK Unified Ideographs Extension D,,,,,,,,,
S0309,U+2B7ED,𫟭,0xA35883B0,163,11,1,左右结构,59,0,CJK Unified Ideographs Extension D,74637,unicode_block:CJK Unified Ideographs Extension D,,,,,,,,,
S0310,U+2B7FB,𫟻,0xA75885A0,167,11,1,左右结构,90,0,CJK Unified Ideographs Extension D,74651,unicode_block:CJK Unified Ideographs Extension D,,,,,,,,,
S0311,U+2B814,𫠔,0xC4808740,196,16,1,左右结构,116,0,CJK Unified Ideographs Extension D,74676,unicode_block:CJK Unified Ideographs Extension D,,,,,,,,,
S0312,U+2B865,𫡥,0x053800B0,5,7,0,独体结构,11,0,CJK Unified Ideographs Extension E,74755,special_radical:5,,,,,,,,,
S0313,U+2B9CD,𫧍,0x163480A0,22,6,9,下三包围,10,0,CJK Unified Ideographs Extension E,75115,structure:9,,,,,,,,,
S0314,U+2B9CE,𫧎,0x163480B0,22,6,9,下三包围,11,0,CJK Unified Ideographs Extension E,75116,structure:9,,,,,,,,,
S0315,U+2B9DA,𫧚,0x16848040,22,16,9,下三包围,4,0,CJK Unified Ideographs Extension E,75128,structure:9,,,,,,,,,
S0316,U+2B9DC,𫧜,0x168C8020,22,17,9,下三包围,2,0,CJK Unified Ideographs Extension E,75130,structure:9,,,,,,,,,
S0317,U+2BA0D,𫨍,0x1B5A8160,27,11,5,左上包围,22,0,CJK Unified Ideographs Extension E,75179,structure:5,,,,,,,,,
S0318,U+2BA1B,𫨛,0x1B6A8120,27,13,5,左上包围,18,0,CJK Unified Ideographs Extension E,75193,structure:5,,,,,,,,,
S0319,U+2BA85,𫪅,0x1E518E30,30,10,3,上下结构,227,0,CJK Unified Ideographs Extension E,75299,structure:3,,,,,,,,,
S0320,U+2BB49,𫭉,0x1F550180,31,10,10,全包围,24,0,CJK Unified Ideographs Extension E,75495,structure:10,,,,,,,,,
S0321,U+2BB4C,𫭌,0x1F5D0150,31,11,10,全包围,21,0,CJK Unified Ideographs Extension E,75498,structure:10,,,,,,,,,
S0322,U+2BB52,𫭒,0x1F7D0080,31,15,10,全包围,8,0,CJK Unified Ideographs Extension E,75504,structure:10,,,,,,,,,
S0323,U+2BB54,𫭔,0x1F850080,31,16,10,全包围,8,0,CJK Unified Ideographs Extension E,75506,structure:10,,,,,,,,,
S0324,U+2BC1A,𫰚,0x26408680,38,8,1,左右结构,104,0,CJK Unified Ideographs Extension E,75704,structure:1,,,,,,,,,
S0325,U+2BCFA,𫳺,0x28718420,40,14,3,上下结构,66,0,CJK Unified Ideographs Extension E,75928,structure:3,,,,,,,,,
S0326,U+2BD5A,𫵚,0x2C4A8240,44,9,5,左上包围,36,0,CJK Unified Ideographs Extension E,76024,structure:5,,,,,,,,,
S0327,U+2BDCD,𫷍,0x32698250,50,13,3,上下结构,37,0,CJK Unified Ideographs Extension E,76139,structure:3,,,,,,,,,
S0328,U+2BDEC,𫷬,0x355282E0,53,10,5,左上包围,46,0,CJK Unified Ideographs Extension E,76170,structure:5,,,,,,,,,
S0329,U+2BEE6,𫻦,0x3E3300A0,62,6,6,右上包围,10,0,CJK Unified Ideographs Extension E,76420,structure:6,,,,,,,,,
S0330,U+2BEF4,𫻴,0x3E630120,62,12,6,右上包围,18,0,CJK Unified Ideographs Extension E,76434,structure:6,,,,,,,,,
S0331,U+2C2E3,𬋣,0x56F88020,86,31,1,左右结构,2,0,CJK Unified Ideographs Extension E,77441,stroke_clamp_31,,,,,,,,,
S0332,U+2C89A,𬢚,0x954881C0,149,9,1,左右结构,28,0,CJK Unified Ideographs Extension E,78904,structure:1,,,,,,,,,
S0333,U+2CA27,𬨧,0xA2538500,162,10,7,左下包围,80,0,CJK Unified Ideographs Extension E,79301,structure:7,,,,,,,,,
S0334,U+2CA36,𬨶,0xA26386A0,162,12,7,左下包围,106,0,CJK Unified Ideographs Extension E,79316,structure:7,,,,,,,,,
S0335,U+2CA4C,𬩌,0xA27B84A0,162,15,7,左下包围,74,0,CJK Unified Ideographs Extension E,79338,structure:7,,,,,,,,,
S0336,U+2CA54,𬩔,0xA27B84E0,162,15,7,左下包围,78,0,CJK Unified Ideographs Extension E,79346,structure:7,,,,,,,,,
S0337,U+2CA58,𬩘,0xA2838340,162,16,7,左下包围,52,0,CJK Unified Ideographs Extension E,79350,structure:7,,,,,,,,,
S0338,U+2CB8E,𬮎,0xA98C0340,169,17,8,上三包围,52,0,CJK Unified Ideographs Extension E,79660,structure:8,,,,,,,,,
S0339,U+2CBAB,𬮫,0xA95C01B0,169,11,8,上三包围,27,0,CJK Unified Ideographs Extension E,79689,structure:8,,,,,,,,,
S0340,U+2CEBB,𬺻,0x01280190,1,5,0,独体结构,25,0,CJK Unified Ideographs Extension F,80471,structure:0,,,,,,,,,
S0341,U+2CEC1,𬻁,0x01300130,1,6,0,独体结构,19,0,CJK Unified Ideographs Extension F,80477,structure:0,,,,,,,,,
S0342,U+2CEC5,𬻅,0x01300160,1,6,0,独体结构,22,0,CJK Unified Ideographs Extension F,80481,structure:0,,,,,,,,,
S0343,U+2CEF3,𬻳,0x02300010,2,6,0,独体结构,1,0,CJK Unified Ideographs Extension F,80527,structure:0,,,,,,,,,
S0344,U+2CEF4,𬻴,0x02480060,2,9,0,独体结构,6,0,CJK Unified Ideographs Extension F,80528,special_radical:2,,,,,,,,,
S0345,U+2CEFB,𬻻,0x03300010,3,6,0,独体结构,1,0,CJK Unified Ideographs Extension F,80535,special_radical:3,,,,,,,,,
S0346,U+2CF15,𬼕,0x04B00000,4,22,0,独体结构,0,0,CJK Unified Ideographs Extension F,80561,structure:0,,,,,,,,,
S0347,U+2CF2E,𬼮,0x055800F0,5,11,0,独体结构,15,0,CJK Unified Ideographs Extension F,80586,structure:0,,,,,,,,,
S0348,U+2CF3C,𬼼,0x06980000,6,19,0,独体结构,0,0,CJK Unified Ideographs Extension F,80600,structure:0,,,,,,,,,
S0349,U+2D0B7,𭂷,0x10608090,16,12,1,左右结构,9,0,CJK Unified Ideographs Extension F,80979,seeded_fill,,,,,,,,,
S0350,U+2D149,𭅉,0x14428090,20,8,5,左上包围,9,0,CJK Unified Ideographs Extension F,81125,structure:5,,,,,,,,,
S0351,U+2D154,𭅔,0x16248020,22,4,9,下三包围,2,0,CJK Unified Ideographs Extension F,81136,structure:9,,,,,,,,,
S0352,U+2D15A,𭅚,0x16448080,22,8,9,下三包围,8,0,CJK Unified Ideographs Extension F,81142,structure:9,,,,,,,,,
S0353,U+2D15B,𭅛,0x165480A0,22,10,9,下三包围,10,0,CJK Unified Ideographs Extension F,81143,structure:9,,,,,,,,,
S0354,U+2D15C,𭅜,0x165C8060,22,11,9,下三包围,6,0,CJK Unified Ideographs Extension F,81144,structure:9,,,,,,,,,
S0355,U+2D15D,𭅝,0x165C8070,22,11,9,下三包围,7,0,CJK Unified Ideographs Extension F,81145,structure:9,,,,,,,,,
S0356,U+2D18B,𭆋,0x1B528230,27,10,5,左上包围,35,0,CJK Unified Ideographs Extension F,81191,structure:5,,,,,,,,,
S0357,U+2D192,𭆒,0x1B6A8140,27,13,5,左上包围,20,0,CJK Unified Ideographs Extension F,81198,structure:5,,,,,,,,,
S0358,U+2D359,𭍙,0x1EF98010,30,31,3,上下结构,1,0,CJK Unified Ideographs Extension F,81653,stroke_clamp_31,,,,,,,,,
S0359,U+2D35B,𭍛,0x1F3D0290,31,7,10,全包围,41,0,CJK Unified Ideographs Extension F,81655,structure:10,,,,,,,,,
S0360,U+2D35D,𭍝,0x1F450180,31,8,10,全包围,24,0,CJK Unified Ideographs Extension F,81657,special_radical:31,,,,,,,,,
S0361,U+2D35F,𭍟,0x1F4D0150,31,9,10,全包围,21,0,CJK Unified Ideographs Extension F,81659,structure:10,,,,,,,,,
S0362,U+2D360,𭍠,0x1F5501A0,31,10,10,全包围,26,0,CJK Unified Ideographs Extension F,81660,structure:10,,,,,,,,,
S0363,U+2D368,𭍨,0x1F5D0180,31,11,10,全包围,24,0,CJK Unified Ideographs Extension F,81668,structure:10,,,,,,,,,
S0364,U+2D369,𭍩,0x1F650160,31,12,10,全包围,22,0,CJK Unified Ideographs Extension F,81669,structure:10,,,,,,,,,
S0365,U+2D36A,𭍪,0x1F650170,31,12,10,全包围,23,0,CJK Unified Ideographs Extension F,81670,structure:10,,,,,,,,,
S0366,U+2D36D,𭍭,0x1F750150,31,14,10,全包围,21,0,CJK Unified Ideographs Extension F,81673,structure:10,,,,,,,,,
S0367,U+2D36F,𭍯,0x1F750170,31,14,10,全包围,23,0,CJK Unified Ideographs Extension F,81675,structure:10,,,,,,,,,
S0368,U+2D377,𭍷,0x1F9D0020,31,19,10,全包围,2,0,CJK Unified Ideographs Extension F,81683,structure:10,,,,,,,,,
S0369,U+2D65A,𭙚,0x354A8270,53,9,5,左上包围,39,0,CJK Unified Ideographs Extension F,82422,structure:5,,,,,,,,,
S0370,U+2D692,𭚒,0x36338040,54,6,7,左下包围,4,0,CJK Unified Ideographs Extension F,82478,special_radical:54,,,,,,,,,
S0371,U+2D7FA,𭟺,0x3E7B01D0,62,15,6,右上包围,29,0,CJK Unified Ideographs Extension F,82838,structure:6,,,,,,,,,
S0372,U+2DC42,𭱂,0x555893C0,85,11,1,左右结构,316,0,CJK Unified Ideographs Extension F,83934,structure:1,,,,,,,,,
S0373,U+2DE25,𭸥,0x5E708420,94,14,1,左右结构,66,0,CJK Unified Ideographs Extension F,84417,seeded_fill,,,,,,,,,
S0374,U+2DE2D,𭸭,0x5E8082C0,94,16,1,左右结构,44,0,CJK Unified Ideographs Extension F,84425,structure:1,,,,,,,,,
S0375,U+2E408,𮐈,0x8C6893E0,140,13,1,左右结构,318,0,CJK Unified Ideographs Extension F,85924,structure:1,,,,,,,,,
S0376,U+2E7B7,𮞷,0xA26B8450,162,13,7,左下包围,69,0,CJK Unified Ideographs Extension F,86867,structure:7,,,,,,,,,
S0377,U+2E7C6,𮟆,0xA2738560,162,14,7,左下包围,86,0,CJK Unified Ideographs Extension F,86882,structure:7,,,,,,,,,
S0378,U+2E7C8,𮟈,0xA2738580,162,14,7,左下包围,88,0,CJK Unified Ideographs Extension F,86884,structure:7,,,,,,,,,
S0379,U+2EBB9,𮮹,0xD1F88030,209,31,1,左右结构,3,0,CJK Unified Ideographs Extension F,87893,stroke_clamp_31,,,,,,,,,
S0380,U+2EBD8,𮯘,0xD3F88140,211,31,1,左右结构,20,0,CJK Unified Ideographs Extension F,87924,stroke_clamp_31,,,,,,,,,
S0381,U+2EC00,𮰀,0x09588B20,9,11,1,左右结构,178,0,CJK Unified Ideographs Extension I,87949,unicode_block:CJK Unified Ideographs Extension I,,,,,,,,,
S0382,U+2EC16,𮰖,0x1E619310,30,12,3,上下结构,305,0,CJK Unified Ideographs Extension I,87971,unicode_block:CJK Unified Ideographs Extension I,,,,,,,,,
S0383,U+2EC3F,𮰿,0x26488840,38,9,1,左右结构,132,0,CJK Unified Ideographs Extension I,88012,unicode_block:CJK Unified Ideographs Extension I,,,,,,,,,
S0384,U+2EC53,𮱓,0x26708830,38,14,1,左右结构,131,0,CJK Unified Ideographs Extension I,88032,unicode_block:CJK Unified Ideographs Extension I,,,,,,,,,
S0385,U+2EC6C,𮱬,0x2E518810,46,10,3,上下结构,129,0,CJK Unified Ideographs Extension I,88057,unicode_block:CJK Unified Ideographs Extension I,,,,,,,,,
S0386,U+2EC8C,𮲌,0x3E6B0190,62,13,6,右上包围,25,0,CJK Unified Ideographs Extension I,88089,structure:6,,,,,,,,,
S0387,U+2ECB5,𮲵,0x4B609390,75,12,1,左右结构,313,0,CJK Unified Ideographs Extension I,88130,unicode_block:CJK Unified Ideographs Extension I,,,,,,,,,
S0388,U+2ECDB,𮳛,0x56388300,86,7,1,左右结构,48,0,CJK Unified Ideographs Extension I,88168,unicode_block:CJK Unified Ideographs Extension I,,,,,,,,,
S0389,U+2ECF3,𮳳,0x56688CD0,86,13,1,左右结构,205,0,CJK Unified Ideographs Extension I,88192,unicode_block:CJK Unified Ideographs Extension I,,,,,,,,,
S0390,U+2ED05,𮴅,0x60408490,96,8,1,左右结构,73,0,CJK Unified Ideographs Extension I,88210,unicode_block:CJK Unified Ideographs Extension I,,,,,,,,,
S0391,U+2ED1F,𮴟,0x60608940,96,12,1,左右结构,148,0,CJK Unified Ideographs Extension I,88236,unicode_block:CJK Unified Ideographs Extension I,,,,,,,,,
S0392,U+2ED2A,𮴪,0x60708630,96,14,1,左右结构,99,0,CJK Unified Ideographs Extension I,88247,unicode_block:CJK Unified Ideographs Extension I,,,,,,,,,
S0393,U+2ED2B,𮴫,0x60708640,96,14,1,左右结构,100,0,CJK Unified Ideographs Extension I,88248,unicode_block:CJK Unified Ideographs Extension I,,,,,,,,,
S0394,U+2EDC5,𮷅,0x95388240,149,7,1,左右结构,36,0,CJK Unified Ideographs Extension I,88402,unicode_block:CJK Unified Ideographs Extension I,,,,,,,,,
S0395,U+2EDD2,𮷒,0x9D6885D0,157,13,1,左右结构,93,0,CJK Unified Ideographs Extension I,88415,unicode_block:CJK Unified Ideographs Extension I,,,,,,,,,
S0396,U+2EDED,𮷭,0xA3608360,163,12,1,左右结构,54,0,CJK Unified Ideographs Extension I,88442,structure:1,,,,,,,,,
S0397,U+2EE2B,𮸫,0xAD588110,173,11,1,左右结构,17,0,CJK Unified Ideographs Extension I,88504,unicode_block:CJK Unified Ideographs Extension I,,,,,,,,,
S0398,U+2EE2D,𮸭,0xAE708040,174,14,1,左右结构,4,0,CJK Unified Ideographs Extension I,88506,unicode_block:CJK Unified Ideographs Extension I,,,,,,,,,
S0399,U+2EE3E,𮸾,0xB8608370,184,12,1,左右结构,55,0,CJK Unified Ideographs Extension I,88523,unicode_block:CJK Unified Ideographs Extension I,,,,,,,,,
S0400,U+2EE58,𮹘,0xC4788740,196,15,1,左右结构,116,0,CJK Unified Ideographs Extension I,88549,unicode_block:CJK Unified Ideographs Extension I,,,,,,,,,
S0401,U+30008,𰀈,0x012801E0,1,5,0,独体结构,30,0,CJK Unified Ideographs Extension G,88563,structure:0,,,,,,,,,
S0402,U+3001C,𰀜,0x01700090,1,14,0,独体结构,9,0,CJK Unified Ideographs Extension G,88583,structure:0,,,,,,,,,
S0403,U+30036,𰀶,0x053001C0,5,6,0,独体结构,28,0,CJK Unified Ideographs Extension G,88609,structure:0,,,,,,,,,
S0404,U+3003B,𰀻,0x05300210,5,6,0,独体结构,33,0,CJK Unified Ideographs Extension G,88614,structure:0,,,,,,,,,
S0405,U+3003D,𰀽,0x05380100,5,7,0,独体结构,16,0,CJK Unified Ideographs Extension G,88616,structure:0,,,,,,,,,
S0406,U+3003E,𰀾,0x05380110,5,7,0,独体结构,17,0,CJK Unified Ideographs Extension G,88617,structure:0,,,,,,,,,
S0407,U+3014C,𰅌,0x13398230,19,7,3,上下结构,35,0,CJK Unified Ideographs Extension G,88887,unicode_block:CJK Unified Ideographs Extension G,,,,,,,,,
S0408,U+30166,𰅦,0x165480C0,22,10,9,下三包围,12,0,CJK Unified Ideographs Extension G,88913,special_radical:22,,,,,,,,,
S0409,U+30253,𰉓,0x1F750190,31,14,10,全包围,25,0,CJK Unified Ideographs Extension G,89150,structure:10,,,,,,,,,
S0410,U+30382,𰎂,0x2C728190,44,14,5,左上包围,25,0,CJK Unified Ideographs Extension G,89453,structure:5,,,,,,,,,
S0411,U+304AA,𰒪,0x3E5B0170,62,11,6,右上包围,23,0,CJK Unified Ideographs Extension G,89749,structure:6,,,,,,,,,
S0412,U+304B0,𰒰,0x3E7B01F0,62,15,6,右上包围,31,0,CJK Unified Ideographs Extension G,89755,structure:6,,,,,,,,,
S0413,U+30516,𰔖,0x40688E70,64,13,1,左右结构,231,0,CJK Unified Ideographs Extension G,89857,unicode_block:CJK Unified Ideographs Extension G,,,,,,,,,
S0414,U+30865,𰡥,0x5E708480,94,14,1,左右结构,72,0,CJK Unified Ideographs Extension G,90704,unicode_block:CJK Unified Ideographs Extension G,,,,,,,,,
S0415,U+30A19,𰨙,0x71D08020,113,26,1,左右结构,2,0,CJK Unified Ideographs Extension G,91140,unicode_block:CJK Unified Ideographs Extension G,,,,,,,,,
S0416,U+30A52,𰩒,0x74698390,116,13,3,上下结构,57,0,CJK Unified Ideographs Extension G,91197,unicode_block:CJK Unified Ideographs Extension G,,,,,,,,,
S0417,U+30A54,𰩔,0x74718260,116,14,3,上下结构,38,0,CJK Unified Ideographs Extension G,91199,unicode_block:CJK Unified Ideographs Extension G,,,,,,,,,
S0418,U+30AF8,𰫸,0x78B08200,120,22,1,左右结构,32,0,CJK Unified Ideographs Extension G,91363,unicode_block:CJK Unified Ideographs Extension G,,,,,,,,,
S0419,U+30C54,𰱔,0x8C6096B0,140,12,1,左右结构,363,0,CJK Unified Ideographs Extension G,91711,high_group_index,,,,,,,,,
S0420,U+30C55,𰱕,0x8C6096C0,140,12,1,左右结构,364,0,CJK Unified Ideographs Extension G,91712,high_group_index,,,,,,,,,
S0421,U+30C56,𰱖,0x8C6096D0,140,12,1,左右结构,365,0,CJK Unified Ideographs Extension G,91713,high_group_index,,,,,,,,,
S0422,U+30C57,𰱗,0x8C6096E0,140,12,1,左右结构,366,0,CJK Unified Ideographs Extension G,91714,high_group_index,,,,,,,,,
S0423,U+30C58,𰱘,0x8C6096F0,140,12,1,左右结构,367,0,CJK Unified Ideographs Extension G,91715,high_group_index,,,,,,,,,
S0424,U+30C59,𰱙,0x8C609700,140,12,1,左右结构,368,0,CJK Unified Ideographs Extension G,91716,high_group_index,,,,,,,,,
S0425,U+30C5A,𰱚,0x8C609710,140,12,1,左右结构,369,0,CJK Unified Ideographs Extension G,91717,high_group_index,,,,,,,,,
S0426,U+30C5B,𰱛,0x8C609720,140,12,1,左右结构,370,0,CJK Unified Ideographs Extension G,91718,high_group_index,,,,,,,,,
S0427,U+30C5C,𰱜,0x8C609730,140,12,1,左右结构,371,0,CJK Unified Ideographs Extension G,91719,high_group_index,,,,,,,,,
S0428,U+30D1F,𰴟,0x94308000,148,6,1,左右结构,0,0,CJK Unified Ideographs Extension G,91914,seeded_fill,,,,,,,,,
S0429,U+30E45,𰹅,0x9E808130,158,16,1,左右结构,19,0,CJK Unified Ideographs Extension G,92208,seeded_fill,,,,,,,,,
S0430,U+30FA5,𰾥,0xA7708CD0,167,14,1,左右结构,205,0,CJK Unified Ideographs Extension G,92560,unicode_block:CJK Unified Ideographs Extension G,,,,,,,,,
S0431,U+30FD9,𰿙,0xA95C0270,169,11,8,上三包围,39,0,CJK Unified Ideographs Extension G,92612,structure:8,,,,,,,,,
S0432,U+3100D,𱀍,0xAA488410,170,9,1,左右结构,65,0,CJK Unified Ideographs Extension G,92664,seeded_fill,,,,,,,,,
S0433,U+3106C,𱁬,0xADF880B0,173,31,1,左右结构,11,0,CJK Unified Ideographs Extension G,92759,stroke_clamp_31,,,,,,,,,
S0434,U+31112,𱄒,0xBB708400,187,14,1,左右结构,64,0,CJK Unified Ideographs Extension G,92925,unicode_block:CJK Unified Ideographs Extension G,,,,,,,,,
S0435,U+31362,𱍢,0x016800F0,1,13,0,独体结构,15,0,CJK Unified Ideographs Extension H,93512,structure:0,,,,,,,,,
S0436,U+313BD,𱎽,0x09588C10,9,11,1,左右结构,193,0,CJK Unified Ideographs Extension H,93603,unicode_block:CJK Unified Ideographs Extension H,,,,,,,,,
S0437,U+313FB,𱏻,0x0D3400A0,13,6,8,上三包围,10,0,CJK Unified Ideographs Extension H,93665,structure:8,,,,,,,,,
S0438,U+314D5,𱓕,0x1E5996B0,30,11,3,上下结构,363,0,CJK Unified Ideographs Extension H,93883,high_group_index,,,,,,,,,
S0439,U+31539,𱔹,0x1E818DF0,30,16,3,上下结构,223,0,CJK Unified Ideographs Extension H,93983,structure:3,,,,,,,,,
S0440,U+3154F,𱕏,0x1E8989C0,30,17,3,上下结构,156,0,CJK Unified Ideographs Extension H,94005,structure:3,,,,,,,,,
S0441,U+31578,𱕸,0x1F3D02D0,31,7,10,全包围,45,0,CJK Unified Ideographs Extension H,94046,structure:10,,,,,,,,,
S0442,U+315EE,𱗮,0x207189D0,32,14,3,上下结构,157,0,CJK Unified Ideographs Extension H,94164,unicode_block:CJK Unified Ideographs Extension H,,,,,,,,,
S0443,U+316D3,𱛓,0x2E418720,46,8,3,上下结构,114,0,CJK Unified Ideographs Extension H,94393,structure:3,,,,,,,,,
S0444,U+31772,𱝲,0x3C588450,60,11,1,左右结构,69,0,CJK Unified Ideographs Extension H,94552,unicode_block:CJK Unified Ideographs Extension H,,,,,,,,,
S0445,U+318E7,𱣧,0x4B609450,75,12,1,左右结构,325,0,CJK Unified Ideographs Extension H,94925,seeded_fill,,,,,,,,,
S0446,U+318EF,𱣯,0x4B6094D0,75,12,1,左右结构,333,0,CJK Unified Ideographs Extension H,94933,seeded_fill,,,,,,,,,
S0447,U+31922,𱤢,0x4B888B60,75,17,1,左右结构,182,0,CJK Unified Ideographs Extension H,94984,unicode_block:CJK Unified Ideographs Extension H,,,,,,,,,
S0448,U+319D4,𱧔,0x556096C0,85,12,1,左右结构,364,0,CJK Unified Ideographs Extension H,95162,high_group_index,,,,,,,,,
S0449,U+319D5,𱧕,0x556096D0,85,12,1,左右结构,365,0,CJK Unified Ideographs Extension H,95163,high_group_index,,,,,,,,,
S0450,U+319D6,𱧖,0x556096E0,85,12,1,左右结构,366,0,CJK Unified Ideographs Extension H,95164,high_group_index,,,,,,,,,
S0451,U+319D7,𱧗,0x556096F0,85,12,1,左右结构,367,0,CJK Unified Ideographs Extension H,95165,high_group_index,,,,,,,,,
S0452,U+319D8,𱧘,0x55609700,85,12,1,左右结构,368,0,CJK Unified Ideographs Extension H,95166,high_group_index,,,,,,,,,
S0453,U+319DA,𱧚,0x55609710,85,12,1,左右结构,369,0,CJK Unified Ideographs Extension H,95168,high_group_index,,,,,,,,,
S0454,U+319DB,𱧛,0x55609720,85,12,1,左右结构,370,0,CJK Unified Ideographs Extension H,95169,high_group_index,,,,,,,,,
S0455,U+319DC,𱧜,0x55609730,85,12,1,左右结构,371,0,CJK Unified Ideographs Extension H,95170,high_group_index,,,,,,,,,
S0456,U+319DD,𱧝,0x55609740,85,12,1,左右结构,372,0,CJK Unified Ideographs Extension H,95171,high_group_index,,,,,,,,,
S0457,U+319DE,𱧞,0x55609750,85,12,1,左右结构,373,0,CJK Unified Ideographs Extension H,95172,high_group_index,,,,,,,,,
S0458,U+319DF,𱧟,0x55609760,85,12,1,左右结构,374,0,CJK Unified Ideographs Extension H,95173,high_group_index,,,,,,,,,
S0459,U+319E0,𱧠,0x55609770,85,12,1,左右结构,375,0,CJK Unified Ideographs Extension H,95174,high_group_index,,,,,,,,,
S0460,U+319E1,𱧡,0x55609780,85,12,1,左右结构,376,0,CJK Unified Ideographs Extension H,95175,high_group_index,,,,,,,,,
S0461,U+319E2,𱧢,0x55609790,85,12,1,左右结构,377,0,CJK Unified Ideographs Extension H,95176,high_group_index,,,,,,,,,
S0462,U+319E3,𱧣,0x556097A0,85,12,1,左右结构,378,0,CJK Unified Ideographs Extension H,95177,high_group_index,,,,,,,,,
S0463,U+319E4,𱧤,0x556097B0,85,12,1,左右结构,379,0,CJK Unified Ideographs Extension H,95178,high_group_index,,,,,,,,,
S0464,U+319E5,𱧥,0x556097C0,85,12,1,左右结构,380,0,CJK Unified Ideographs Extension H,95179,high_group_index,,,,,,,,,
S0465,U+319E6,𱧦,0x556097D0,85,12,1,左右结构,381,0,CJK Unified Ideographs Extension H,95180,high_group_index,,,,,,,,,
S0466,U+319E7,𱧧,0x556097E0,85,12,1,左右结构,382,0,CJK Unified Ideographs Extension H,95181,high_group_index,,,,,,,,,
S0467,U+319E8,𱧨,0x556097F0,85,12,1,左右结构,383,0,CJK Unified Ideographs Extension H,95182,high_group_index,,,,,,,,,
S0468,U+319E9,𱧩,0x55609800,85,12,1,左右结构,384,0,CJK Unified Ideographs Extension H,95183,high_group_index,,,,,,,,,
S0469,U+319EA,𱧪,0x55609810,85,12,1,左右结构,385,0,CJK Unified Ideographs Extension H,95184,high_group_index,,,,,,,,,
S0470,U+319EB,𱧫,0x55609820,85,12,1,左右结构,386,0,CJK Unified Ideographs Extension H,95185,high_group_index,,,,,,,,,
S0471,U+319EC,𱧬,0x55609830,85,12,1,左右结构,387,0,CJK Unified Ideographs Extension H,95186,high_group_index,,,,,,,,,
S0472,U+319ED,𱧭,0x55609840,85,12,1,左右结构,388,0,CJK Unified Ideographs Extension H,95187,high_group_index,,,,,,,,,
S0473,U+31B33,𱬳,0x56F88030,86,31,1,左右结构,3,0,CJK Unified Ideographs Extension H,95513,stroke_clamp_31,,,,,,,,,
S0474,U+31B63,𱭣,0x5C418030,92,8,3,上下结构,3,0,CJK Unified Ideographs Extension H,95561,structure:3,,,,,,,,,
S0475,U+31B9B,𱮛,0x5E7084B0,94,14,1,左右结构,75,0,CJK Unified Ideographs Extension H,95617,structure:1,,,,,,,,,
S0476,U+31F20,𱼠,0x82908340,130,18,1,左右结构,52,0,CJK Unified Ideographs Extension H,96518,structure:1,,,,,,,,,
S0477,U+31F5E,𱽞,0x8C609740,140,12,1,左右结构,372,0,CJK Unified Ideographs Extension H,96580,high_group_index,,,,,,,,,
S0478,U+31F6D,𱽭,0x8C609750,140,12,1,左右结构,373,0,CJK Unified Ideographs Extension H,96595,high_group_index,,,,,,,,,
S0479,U+31F6E,𱽮,0x8C609760,140,12,1,左右结构,374,0,CJK Unified Ideographs Extension H,96596,high_group_index,,,,,,,,,
S0480,U+31F6F,𱽯,0x8C609770,140,12,1,左右结构,375,0,CJK Unified Ideographs Extension H,96597,high_group_index,,,,,,,,,
S0481,U+31F70,𱽰,0x8C609780,140,12,1,左右结构,376,0,CJK Unified Ideographs Extension H,96598,high_group_index,,,,,,,,,
S0482,U+31F71,𱽱,0x8C609790,140,12,1,左右结构,377,0,CJK Unified Ideographs Extension H,96599,high_group_index,,,,,,,,,
S0483,U+31F72,𱽲,0x8C6097A0,140,12,1,左右结构,378,0,CJK Unified Ideographs Extension H,96600,high_group_index,,,,,,,,,
S0484,U+31F77,𱽷,0x8C6097B0,140,12,1,左右结构,379,0,CJK Unified Ideographs Extension H,96605,high_group_index,,,,,,,,,
S0485,U+31F79,𱽹,0x8C6896C0,140,13,1,左右结构,364,0,CJK Unified Ideographs Extension H,96607,high_group_index,,,,,,,,,
S0486,U+31F7A,𱽺,0x8C6896D0,140,13,1,左右结构,365,0,CJK Unified Ideographs Extension H,96608,high_group_index,,,,,,,,,
S0487,U+31F7B,𱽻,0x8C6097C0,140,12,1,左右结构,380,0,CJK Unified Ideographs Extension H,96609,high_group_index;unicode_block:CJK Unified Ideographs Extension H,,,,,,,,,
S0488,U+31F7C,𱽼,0x8C6896E0,140,13,1,左右结构,366,0,CJK Unified Ideographs Extension H,96610,high_group_index,,,,,,,,,
S0489,U+31F7D,𱽽,0x8C6896F0,140,13,1,左右结构,367,0,CJK Unified Ideographs Extension H,96611,high_group_index,,,,,,,,,
S0490,U+31F7E,𱽾,0x8C689700,140,13,1,左右结构,368,0,CJK Unified Ideographs Extension H,96612,high_group_index,,,,,,,,,
S0491,U+31F7F,𱽿,0x8C689710,140,13,1,左右结构,369,0,CJK Unified Ideographs Extension H,96613,high_group_index,,,,,,,,,
S0492,U+31F84,𱾄,0x8C689720,140,13,1,左右结构,370,0,CJK Unified Ideographs Extension H,96618,high_group_index,,,,,,,,,
S0493,U+31FA9,𱾩,0x8C888FE0,140,17,1,左右结构,254,0,CJK Unified Ideographs Extension H,96655,structure:1,,,,,,,,,
S0494,U+32053,𲁓,0x93408060,147,8,1,左右结构,6,0,CJK Unified Ideographs Extension H,96825,structure:1,,,,,,,,,
S0495,U+32161,𲅡,0xA2638850,162,12,7,左下包围,133,0,CJK Unified Ideographs Extension H,97095,structure:7,,,,,,,,,
S0496,U+32175,𲅵,0xA2838470,162,16,7,左下包围,71,0,CJK Unified Ideographs Extension H,97115,seeded_fill,,,,,,,,,
S0497,U+321B6,𲆶,0xA4888320,164,17,1,左右结构,50,0,CJK Unified Ideographs Extension H,97180,unicode_block:CJK Unified Ideographs Extension H,,,,,,,,,
S0498,U+3223C,𲈼,0xA94C01C0,169,9,8,上三包围,28,0,CJK Unified Ideographs Extension H,97314,structure:8,,,,,,,,,
S0499,U+3238E,𲎎,0xC6D88010,198,27,1,左右结构,1,0,CJK Unified Ideographs Extension H,97652,unicode_block:CJK Unified Ideographs Extension H,,,,,,,,,
S0500,U+32397,𲎗,0xCBF88040,203,31,1,左右结构,4,0,CJK Unified Ideographs Extension H,97661,stroke_clamp_31,,,,,,,,,
