sample_id,char,unicode,codepoint_dec,worksheet_row,source_offset,unicode_block,review_prior,review_queue,standard_level,score_status,source_gap_failure_codes,unicode_identity_available,has_unresolved_structure_gap,has_wiki_cross_reference,has_dictionary_review_hit,has_stronger_authoritative_row_level_ids,allowed_next_action,human_review_status,human_structure_label,human_decomposition,human_radical_or_component_note,human_evidence_source,human_reviewer,human_review_notes,adjudication_result
review_prior_medium:001,俁,U+4FC1,20417,1647,1645,CJK Unified Ideographs,review_prior_medium,agent_standard_rule_learning_candidate,agent_standard_candidate_not_national_standard,NOT_SCORED_AGENT_STANDARD_FEATURE_ONLY,MISSING_DECOMPOSITION_COMPONENTS;MISSING_STRUCTURE,True,True,False,False,False,human_review_or_agent_rule_learning_design_only,未审核,,,,,,,
review_prior_medium:002,劏,U+528F,21135,4689,4687,CJK Unified Ideographs,review_prior_medium,agent_standard_rule_learning_candidate,agent_standard_candidate_not_national_standard,NOT_SCORED_AGENT_STANDARD_FEATURE_ONLY,MISSING_DECOMPOSITION_COMPONENTS;MISSING_STRUCTURE,True,True,False,False,False,human_review_or_agent_rule_learning_design_only,未审核,,,,,,,
review_prior_medium:003,噚,U+565A,22106,8108,8106,CJK Unified Ideographs,review_prior_medium,agent_standard_rule_learning_candidate,agent_standard_candidate_not_national_standard,NOT_SCORED_AGENT_STANDARD_FEATURE_ONLY,MISSING_DECOMPOSITION_COMPONENTS;MISSING_STRUCTURE,True,True,False,False,False,human_review_or_agent_rule_learning_design_only,未审核,,,,,,,
review_prior_medium:004,墰,U+58B0,22704,11760,11758,CJK Unified Ideographs,review_prior_medium,agent_standard_rule_learning_candidate,agent_standard_candidate_not_national_standard,NOT_SCORED_AGENT_STANDARD_FEATURE_ONLY,MISSING_DECOMPOSITION_COMPONENTS;MISSING_STRUCTURE,True,True,False,False,False,human_review_or_agent_rule_learning_design_only,未审核,,,,,,,
review_prior_medium:005,嬇,U+5B07,23303,14663,14661,CJK Unified Ideographs,review_prior_medium,agent_standard_rule_learning_candidate,agent_standard_candidate_not_national_standard,NOT_SCORED_AGENT_STANDARD_FEATURE_ONLY,MISSING_DECOMPOSITION_COMPONENTS;MISSING_STRUCTURE,True,True,False,False,False,human_review_or_agent_rule_learning_design_only,未审核,,,,,,,
review_prior_medium:006,嵾,U+5D7E,23934,18389,18387,CJK Unified Ideographs,review_prior_medium,agent_standard_rule_learning_candidate,agent_standard_candidate_not_national_standard,NOT_SCORED_AGENT_STANDARD_FEATURE_ONLY,MISSING_DECOMPOSITION_COMPONENTS;MISSING_STRUCTURE,True,True,False,False,False,human_review_or_agent_rule_learning_design_only,未审核,,,,,,,
review_prior_medium:007,彠,U+5F60,24416,21885,21883,CJK Unified Ideographs,review_prior_medium,agent_standard_rule_learning_candidate,agent_standard_candidate_not_national_standard,NOT_SCORED_AGENT_STANDARD_FEATURE_ONLY,MISSING_DECOMPOSITION_COMPONENTS;MISSING_STRUCTURE,True,True,False,False,False,human_review_or_agent_rule_learning_design_only,未审核,,,,,,,
review_prior_medium:008,掚,U+639A,25498,26074,26072,CJK Unified Ideographs,review_prior_medium,agent_standard_rule_learning_candidate,agent_standard_candidate_not_national_standard,NOT_SCORED_AGENT_STANDARD_FEATURE_ONLY,MISSING_DECOMPOSITION_COMPONENTS;MISSING_STRUCTURE,True,True,False,False,False,human_review_or_agent_rule_learning_design_only,未审核,,,,,,,
review_prior_medium:009,斸,U+65B8,26040,29110,29108,CJK Unified Ideographs,review_prior_medium,agent_standard_rule_learning_candidate,agent_standard_candidate_not_national_standard,NOT_SCORED_AGENT_STANDARD_FEATURE_ONLY,MISSING_DECOMPOSITION_COMPONENTS;MISSING_STRUCTURE,True,True,False,False,False,human_review_or_agent_rule_learning_design_only,未审核,,,,,,,
review_prior_medium:010,槼,U+69FC,27132,32226,32224,CJK Unified Ideographs,review_prior_medium,agent_standard_rule_learning_candidate,agent_standard_candidate_not_national_standard,NOT_SCORED_AGENT_STANDARD_FEATURE_ONLY,MISSING_DECOMPOSITION_COMPONENTS;MISSING_STRUCTURE,True,True,False,False,False,human_review_or_agent_rule_learning_design_only,未审核,,,,,,,
review_prior_medium:011,欍,U+6B0D,27405,32458,32456,CJK Unified Ideographs,review_prior_medium,agent_standard_rule_learning_candidate,agent_standard_candidate_not_national_standard,NOT_SCORED_AGENT_STANDARD_FEATURE_ONLY,MISSING_DECOMPOSITION_COMPONENTS;MISSING_STRUCTURE,True,True,False,False,False,human_review_or_agent_rule_learning_design_only,未审核,,,,,,,
review_prior_medium:012,湋,U+6E4B,28235,37525,37523,CJK Unified Ideographs,review_prior_medium,agent_standard_rule_learning_candidate,agent_standard_candidate_not_national_standard,NOT_SCORED_AGENT_STANDARD_FEATURE_ONLY,MISSING_DECOMPOSITION_COMPONENTS;MISSING_STRUCTURE,True,True,False,False,False,human_review_or_agent_rule_learning_design_only,未审核,,,,,,,
review_prior_medium:013,濆,U+6FC6,28614,37752,37750,CJK Unified Ideographs,review_prior_medium,agent_standard_rule_learning_candidate,agent_standard_candidate_not_national_standard,NOT_SCORED_AGENT_STANDARD_FEATURE_ONLY,MISSING_DECOMPOSITION_COMPONENTS;MISSING_STRUCTURE,True,True,False,False,False,human_review_or_agent_rule_learning_design_only,未审核,,,,,,,
review_prior_medium:014,煇,U+7147,28999,40685,40683,CJK Unified Ideographs,review_prior_medium,agent_standard_rule_learning_candidate,agent_standard_candidate_not_national_standard,NOT_SCORED_AGENT_STANDARD_FEATURE_ONLY,MISSING_DECOMPOSITION_COMPONENTS;MISSING_STRUCTURE,True,True,False,False,False,human_review_or_agent_rule_learning_design_only,未审核,,,,,,,
review_prior_medium:015,獁,U+7341,29505,43772,43770,CJK Unified Ideographs,review_prior_medium,agent_standard_rule_learning_candidate,agent_standard_candidate_not_national_standard,NOT_SCORED_AGENT_STANDARD_FEATURE_ONLY,MISSING_DECOMPOSITION_COMPONENTS;MISSING_STRUCTURE,True,True,False,False,False,human_review_or_agent_rule_learning_design_only,未审核,,,,,,,
review_prior_medium:016,璊,U+748A,29834,44920,44918,CJK Unified Ideographs,review_prior_medium,agent_standard_rule_learning_candidate,agent_standard_candidate_not_national_standard,NOT_SCORED_AGENT_STANDARD_FEATURE_ONLY,MISSING_DECOMPOSITION_COMPONENTS;MISSING_STRUCTURE,True,True,False,False,False,human_review_or_agent_rule_learning_design_only,未审核,,,,,,,
review_prior_medium:017,瘺,U+763A,30266,47483,47481,CJK Unified Ideographs,review_prior_medium,agent_standard_rule_learning_candidate,agent_standard_candidate_not_national_standard,NOT_SCORED_AGENT_STANDARD_FEATURE_ONLY,MISSING_DECOMPOSITION_COMPONENTS;MISSING_STRUCTURE,True,True,False,False,False,human_review_or_agent_rule_learning_design_only,未审核,,,,,,,
review_prior_medium:018,碸,U+78B8,30904,51100,51098,CJK Unified Ideographs,review_prior_medium,agent_standard_rule_learning_candidate,agent_standard_candidate_not_national_standard,NOT_SCORED_AGENT_STANDARD_FEATURE_ONLY,MISSING_DECOMPOSITION_COMPONENTS;MISSING_STRUCTURE,True,True,False,False,False,human_review_or_agent_rule_learning_design_only,未审核,,,,,,,
review_prior_medium:019,竪,U+7AEA,31466,54516,54514,CJK Unified Ideographs,review_prior_medium,agent_standard_rule_learning_candidate,agent_standard_candidate_not_national_standard,NOT_SCORED_AGENT_STANDARD_FEATURE_ONLY,MISSING_DECOMPOSITION_COMPONENTS;MISSING_STRUCTURE,True,True,False,False,False,human_review_or_agent_rule_learning_design_only,未审核,,,,,,,
review_prior_medium:020,糺,U+7CFA,31994,57720,57718,CJK Unified Ideographs,review_prior_medium,agent_standard_rule_learning_candidate,agent_standard_candidate_not_national_standard,NOT_SCORED_AGENT_STANDARD_FEATURE_ONLY,MISSING_DECOMPOSITION_COMPONENTS;MISSING_STRUCTURE,True,True,False,False,False,human_review_or_agent_rule_learning_design_only,未审核,,,,,,,
review_prior_medium:021,綆,U+7D86,32134,57850,57848,CJK Unified Ideographs,review_prior_medium,agent_standard_rule_learning_candidate,agent_standard_candidate_not_national_standard,NOT_SCORED_AGENT_STANDARD_FEATURE_ONLY,MISSING_DECOMPOSITION_COMPONENTS;MISSING_STRUCTURE,True,True,False,False,False,human_review_or_agent_rule_learning_design_only,未审核,,,,,,,
review_prior_medium:022,緟,U+7DDF,32223,57937,57935,CJK Unified Ideographs,review_prior_medium,agent_standard_rule_learning_candidate,agent_standard_candidate_not_national_standard,NOT_SCORED_AGENT_STANDARD_FEATURE_ONLY,MISSING_DECOMPOSITION_COMPONENTS;MISSING_STRUCTURE,True,True,False,False,False,human_review_or_agent_rule_learning_design_only,未审核,,,,,,,
review_prior_medium:023,縺,U+7E3A,32314,58026,58024,CJK Unified Ideographs,review_prior_medium,agent_standard_rule_learning_candidate,agent_standard_candidate_not_national_standard,NOT_SCORED_AGENT_STANDARD_FEATURE_ONLY,MISSING_DECOMPOSITION_COMPONENTS;MISSING_STRUCTURE,True,True,False,False,False,human_review_or_agent_rule_learning_design_only,未审核,,,,,,,
review_prior_medium:024,罃,U+7F43,32579,59346,59344,CJK Unified Ideographs,review_prior_medium,agent_standard_rule_learning_candidate,agent_standard_candidate_not_national_standard,NOT_SCORED_AGENT_STANDARD_FEATURE_ONLY,MISSING_DECOMPOSITION_COMPONENTS;MISSING_STRUCTURE,True,True,False,False,False,human_review_or_agent_rule_learning_design_only,未审核,,,,,,,
review_prior_medium:025,艣,U+8263,33379,63481,63479,CJK Unified Ideographs,review_prior_medium,agent_standard_rule_learning_candidate,agent_standard_candidate_not_national_standard,NOT_SCORED_AGENT_STANDARD_FEATURE_ONLY,MISSING_DECOMPOSITION_COMPONENTS;MISSING_STRUCTURE,True,True,False,False,False,human_review_or_agent_rule_learning_design_only,未审核,,,,,,,
review_prior_medium:026,蕝,U+855D,34141,64887,64885,CJK Unified Ideographs,review_prior_medium,agent_standard_rule_learning_candidate,agent_standard_candidate_not_national_standard,NOT_SCORED_AGENT_STANDARD_FEATURE_ONLY,MISSING_DECOMPOSITION_COMPONENTS;MISSING_STRUCTURE,True,True,False,False,False,human_review_or_agent_rule_learning_design_only,未审核,,,,,,,
review_prior_medium:027,蟶,U+87F6,34806,68546,68544,CJK Unified Ideographs,review_prior_medium,agent_standard_rule_learning_candidate,agent_standard_candidate_not_national_standard,NOT_SCORED_AGENT_STANDARD_FEATURE_ONLY,MISSING_DECOMPOSITION_COMPONENTS;MISSING_STRUCTURE,True,True,False,False,False,human_review_or_agent_rule_learning_design_only,未审核,,,,,,,
review_prior_medium:028,覛,U+899B,35227,71333,71331,CJK Unified Ideographs,review_prior_medium,agent_standard_rule_learning_candidate,agent_standard_candidate_not_national_standard,NOT_SCORED_AGENT_STANDARD_FEATURE_ONLY,MISSING_DECOMPOSITION_COMPONENTS;MISSING_STRUCTURE,True,True,False,False,False,human_review_or_agent_rule_learning_design_only,未审核,,,,,,,
review_prior_medium:029,詘,U+8A58,35416,72300,72298,CJK Unified Ideographs,review_prior_medium,agent_standard_rule_learning_candidate,agent_standard_candidate_not_national_standard,NOT_SCORED_AGENT_STANDARD_FEATURE_ONLY,MISSING_DECOMPOSITION_COMPONENTS;MISSING_STRUCTURE,True,True,False,False,False,human_review_or_agent_rule_learning_design_only,未审核,,,,,,,
review_prior_medium:030,諰,U+8AF0,35568,72447,72445,CJK Unified Ideographs,review_prior_medium,agent_standard_rule_learning_candidate,agent_standard_candidate_not_national_standard,NOT_SCORED_AGENT_STANDARD_FEATURE_ONLY,MISSING_DECOMPOSITION_COMPONENTS;MISSING_STRUCTURE,True,True,False,False,False,human_review_or_agent_rule_learning_design_only,未审核,,,,,,,
review_prior_medium:031,譾,U+8B7E,35710,72586,72584,CJK Unified Ideographs,review_prior_medium,agent_standard_rule_learning_candidate,agent_standard_candidate_not_national_standard,NOT_SCORED_AGENT_STANDARD_FEATURE_ONLY,MISSING_DECOMPOSITION_COMPONENTS;MISSING_STRUCTURE,True,True,False,False,False,human_review_or_agent_rule_learning_design_only,未审核,,,,,,,
review_prior_medium:032,賾,U+8CFE,36094,74574,74572,CJK Unified Ideographs,review_prior_medium,agent_standard_rule_learning_candidate,agent_standard_candidate_not_national_standard,NOT_SCORED_AGENT_STANDARD_FEATURE_ONLY,MISSING_DECOMPOSITION_COMPONENTS;MISSING_STRUCTURE,True,True,False,False,False,human_review_or_agent_rule_learning_design_only,未审核,,,,,,,
review_prior_medium:033,軉,U+8EC9,36553,77087,77085,CJK Unified Ideographs,review_prior_medium,agent_standard_rule_learning_candidate,agent_standard_candidate_not_national_standard,NOT_SCORED_AGENT_STANDARD_FEATURE_ONLY,MISSING_DECOMPOSITION_COMPONENTS;MISSING_STRUCTURE,True,True,False,False,False,human_review_or_agent_rule_learning_design_only,未审核,,,,,,,
review_prior_medium:034,輢,U+8F22,36642,77533,77531,CJK Unified Ideographs,review_prior_medium,agent_standard_rule_learning_candidate,agent_standard_candidate_not_national_standard,NOT_SCORED_AGENT_STANDARD_FEATURE_ONLY,MISSING_DECOMPOSITION_COMPONENTS;MISSING_STRUCTURE,True,True,False,False,False,human_review_or_agent_rule_learning_design_only,未审核,,,,,,,
review_prior_medium:035,釟,U+91DF,37343,81459,81457,CJK Unified Ideographs,review_prior_medium,agent_standard_rule_learning_candidate,agent_standard_candidate_not_national_standard,NOT_SCORED_AGENT_STANDARD_FEATURE_ONLY,MISSING_DECOMPOSITION_COMPONENTS;MISSING_STRUCTURE,True,True,False,False,False,human_review_or_agent_rule_learning_design_only,未审核,,,,,,,
review_prior_medium:036,銁,U+9281,37505,81620,81618,CJK Unified Ideographs,review_prior_medium,agent_standard_rule_learning_candidate,agent_standard_candidate_not_national_standard,NOT_SCORED_AGENT_STANDARD_FEATURE_ONLY,MISSING_DECOMPOSITION_COMPONENTS;MISSING_STRUCTURE,True,True,False,False,False,human_review_or_agent_rule_learning_design_only,未审核,,,,,,,
review_prior_medium:037,錜,U+931C,37660,81771,81769,CJK Unified Ideographs,review_prior_medium,agent_standard_rule_learning_candidate,agent_standard_candidate_not_national_standard,NOT_SCORED_AGENT_STANDARD_FEATURE_ONLY,MISSING_STRUCTURE,True,True,False,False,False,human_review_or_agent_rule_learning_design_only,未审核,,,,,,,
review_prior_medium:038,鐏,U+940F,37903,82009,82007,CJK Unified Ideographs,review_prior_medium,agent_standard_rule_learning_candidate,agent_standard_candidate_not_national_standard,NOT_SCORED_AGENT_STANDARD_FEATURE_ONLY,MISSING_STRUCTURE,True,True,False,False,False,human_review_or_agent_rule_learning_design_only,未审核,,,,,,,
review_prior_medium:039,鞾,U+97BE,38846,86902,86900,CJK Unified Ideographs,review_prior_medium,agent_standard_rule_learning_candidate,agent_standard_candidate_not_national_standard,NOT_SCORED_AGENT_STANDARD_FEATURE_ONLY,MISSING_DECOMPOSITION_COMPONENTS;MISSING_STRUCTURE,True,True,False,False,False,human_review_or_agent_rule_learning_design_only,未审核,,,,,,,
review_prior_medium:040,顢,U+9862,39010,87876,87874,CJK Unified Ideographs,review_prior_medium,agent_standard_rule_learning_candidate,agent_standard_candidate_not_national_standard,NOT_SCORED_AGENT_STANDARD_FEATURE_ONLY,MISSING_DECOMPOSITION_COMPONENTS;MISSING_STRUCTURE,True,True,False,False,False,human_review_or_agent_rule_learning_design_only,未审核,,,,,,,
review_prior_medium:041,餳,U+9933,39219,89071,89069,CJK Unified Ideographs,review_prior_medium,agent_standard_rule_learning_candidate,agent_standard_candidate_not_national_standard,NOT_SCORED_AGENT_STANDARD_FEATURE_ONLY,MISSING_DECOMPOSITION_COMPONENTS;MISSING_STRUCTURE,True,True,False,False,False,human_review_or_agent_rule_learning_design_only,未审核,,,,,,,
review_prior_medium:042,駫,U+99EB,39403,90152,90150,CJK Unified Ideographs,review_prior_medium,agent_standard_rule_learning_candidate,agent_standard_candidate_not_national_standard,NOT_SCORED_AGENT_STANDARD_FEATURE_ONLY,MISSING_DECOMPOSITION_COMPONENTS;MISSING_STRUCTURE,True,True,False,False,False,human_review_or_agent_rule_learning_design_only,未审核,,,,,,,
review_prior_medium:043,騴,U+9A34,39476,90225,90223,CJK Unified Ideographs,review_prior_medium,agent_standard_rule_learning_candidate,agent_standard_candidate_not_national_standard,NOT_SCORED_AGENT_STANDARD_FEATURE_ONLY,MISSING_DECOMPOSITION_COMPONENTS;MISSING_STRUCTURE,True,True,False,False,False,human_review_or_agent_rule_learning_design_only,未审核,,,,,,,
review_prior_medium:044,魵,U+9B75,39797,92580,92578,CJK Unified Ideographs,review_prior_medium,agent_standard_rule_learning_candidate,agent_standard_candidate_not_national_standard,NOT_SCORED_AGENT_STANDARD_FEATURE_ONLY,MISSING_DECOMPOSITION_COMPONENTS;MISSING_STRUCTURE,True,True,False,False,False,human_review_or_agent_rule_learning_design_only,未审核,,,,,,,
review_prior_medium:045,鯄,U+9BC4,39876,92659,92657,CJK Unified Ideographs,review_prior_medium,agent_standard_rule_learning_candidate,agent_standard_candidate_not_national_standard,NOT_SCORED_AGENT_STANDARD_FEATURE_ONLY,MISSING_DECOMPOSITION_COMPONENTS;MISSING_STRUCTURE,True,True,False,False,False,human_review_or_agent_rule_learning_design_only,未审核,,,,,,,
review_prior_medium:046,鰜,U+9C1C,39964,92747,92745,CJK Unified Ideographs,review_prior_medium,agent_standard_rule_learning_candidate,agent_standard_candidate_not_national_standard,NOT_SCORED_AGENT_STANDARD_FEATURE_ONLY,MISSING_DECOMPOSITION_COMPONENTS;MISSING_STRUCTURE,True,True,False,False,False,human_review_or_agent_rule_learning_design_only,未审核,,,,,,,
review_prior_medium:047,鳽,U+9CFD,40189,94101,94099,CJK Unified Ideographs,review_prior_medium,agent_standard_rule_learning_candidate,agent_standard_candidate_not_national_standard,NOT_SCORED_AGENT_STANDARD_FEATURE_ONLY,MISSING_DECOMPOSITION_COMPONENTS;MISSING_STRUCTURE,True,True,False,False,False,human_review_or_agent_rule_learning_design_only,未审核,,,,,,,
review_prior_medium:048,鶄,U+9D84,40324,94235,94233,CJK Unified Ideographs,review_prior_medium,agent_standard_rule_learning_candidate,agent_standard_candidate_not_national_standard,NOT_SCORED_AGENT_STANDARD_FEATURE_ONLY,MISSING_DECOMPOSITION_COMPONENTS;MISSING_STRUCTURE,True,True,False,False,False,human_review_or_agent_rule_learning_design_only,未审核,,,,,,,
review_prior_medium:049,鸋,U+9E0B,40459,94369,94367,CJK Unified Ideographs,review_prior_medium,agent_standard_rule_learning_candidate,agent_standard_candidate_not_national_standard,NOT_SCORED_AGENT_STANDARD_FEATURE_ONLY,MISSING_DECOMPOSITION_COMPONENTS;MISSING_STRUCTURE,True,True,False,False,False,human_review_or_agent_rule_learning_design_only,未审核,,,,,,,
review_prior_medium:050,龓,U+9F93,40851,97553,97551,CJK Unified Ideographs,review_prior_medium,agent_standard_rule_learning_candidate,agent_standard_candidate_not_national_standard,NOT_SCORED_AGENT_STANDARD_FEATURE_ONLY,MISSING_DECOMPOSITION_COMPONENTS;MISSING_STRUCTURE,True,True,False,False,False,human_review_or_agent_rule_learning_design_only,未审核,,,,,,,
review_prior_low_medium:001,㐁,U+3401,13313,32,30,CJK Unified Ideographs Extension A,review_prior_low_medium,agent_standard_rule_learning_candidate,agent_standard_candidate_not_national_standard,NOT_SCORED_AGENT_STANDARD_FEATURE_ONLY,MISSING_DECOMPOSITION_COMPONENTS;MISSING_STRUCTURE,True,True,False,False,False,human_review_or_agent_rule_learning_design_only,未审核,,,,,,,
review_prior_low_medium:002,㒋,U+348B,13451,1500,1498,CJK Unified Ideographs Extension A,review_prior_low_medium,agent_standard_rule_learning_candidate,agent_standard_candidate_not_national_standard,NOT_SCORED_AGENT_STANDARD_FEATURE_ONLY,MISSING_DECOMPOSITION_COMPONENTS;MISSING_STRUCTURE,True,True,False,False,False,human_review_or_agent_rule_learning_design_only,未审核,,,,,,,
review_prior_low_medium:003,㔐,U+3510,13584,4609,4607,CJK Unified Ideographs Extension A,review_prior_low_medium,agent_standard_rule_learning_candidate,agent_standard_candidate_not_national_standard,NOT_SCORED_AGENT_STANDARD_FEATURE_ONLY,MISSING_DECOMPOSITION_COMPONENTS;MISSING_STRUCTURE,True,True,False,False,False,human_review_or_agent_rule_learning_design_only,未审核,,,,,,,
review_prior_low_medium:004,㖩,U+35A9,13737,7695,7693,CJK Unified Ideographs Extension A,review_prior_low_medium,agent_standard_rule_learning_candidate,agent_standard_candidate_not_national_standard,NOT_SCORED_AGENT_STANDARD_FEATURE_ONLY,MISSING_DECOMPOSITION_COMPONENTS;MISSING_STRUCTURE,True,True,False,False,False,human_review_or_agent_rule_learning_design_only,未审核,,,,,,,
review_prior_low_medium:005,㘲,U+3632,13874,11466,11464,CJK Unified Ideographs Extension A,review_prior_low_medium,agent_standard_rule_learning_candidate,agent_standard_candidate_not_national_standard,NOT_SCORED_AGENT_STANDARD_FEATURE_ONLY,MISSING_DECOMPOSITION_COMPONENTS;MISSING_STRUCTURE,True,True,False,False,False,human_review_or_agent_rule_learning_design_only,未审核,,,,,,,
review_prior_low_medium:006,㛋,U+36CB,14027,14300,14298,CJK Unified Ideographs Extension A,review_prior_low_medium,agent_standard_rule_learning_candidate,agent_standard_candidate_not_national_standard,NOT_SCORED_AGENT_STANDARD_FEATURE_ONLY,MISSING_STRUCTURE,True,True,False,False,False,human_review_or_agent_rule_learning_design_only,未审核,,,,,,,
review_prior_low_medium:007,㝁,U+3741,14145,15869,15867,CJK Unified Ideographs Extension A,review_prior_low_medium,agent_standard_rule_learning_candidate,agent_standard_candidate_not_national_standard,NOT_SCORED_AGENT_STANDARD_FEATURE_ONLY,MISSING_DECOMPOSITION_COMPONENTS;MISSING_STRUCTURE,True,True,False,False,False,human_review_or_agent_rule_learning_design_only,未审核,,,,,,,
review_prior_low_medium:008,㟡,U+37E1,14305,18156,18154,CJK Unified Ideographs Extension A,review_prior_low_medium,agent_standard_rule_learning_candidate,agent_standard_candidate_not_national_standard,NOT_SCORED_AGENT_STANDARD_FEATURE_ONLY,MISSING_DECOMPOSITION_COMPONENTS;MISSING_STRUCTURE,True,True,False,False,False,human_review_or_agent_rule_learning_design_only,未审核,,,,,,,
review_prior_low_medium:009,㡱,U+3871,14449,20617,20615,CJK Unified Ideographs Extension A,review_prior_low_medium,agent_standard_rule_learning_candidate,agent_standard_candidate_not_national_standard,NOT_SCORED_AGENT_STANDARD_FEATURE_ONLY,MISSING_DECOMPOSITION_COMPONENTS;MISSING_STRUCTURE,True,True,False,False,False,human_review_or_agent_rule_learning_design_only,未审核,,,,,,,
review_prior_low_medium:010,㣱,U+38F1,14577,22134,22132,CJK Unified Ideographs Extension A,review_prior_low_medium,agent_standard_rule_learning_candidate,agent_standard_candidate_not_national_standard,NOT_SCORED_AGENT_STANDARD_FEATURE_ONLY,MISSING_DECOMPOSITION_COMPONENTS;MISSING_STRUCTURE,True,True,False,False,False,human_review_or_agent_rule_learning_design_only,未审核,,,,,,,
review_prior_low_medium:011,㦊,U+398A,14730,22928,22926,CJK Unified Ideographs Extension A,review_prior_low_medium,agent_standard_rule_learning_candidate,agent_standard_candidate_not_national_standard,NOT_SCORED_AGENT_STANDARD_FEATURE_ONLY,MISSING_DECOMPOSITION_COMPONENTS;MISSING_STRUCTURE,True,True,False,False,False,human_review_or_agent_rule_learning_design_only,未审核,,,,,,,
review_prior_low_medium:012,㨜,U+3A1C,14876,25817,25815,CJK Unified Ideographs Extension A,review_prior_low_medium,agent_standard_rule_learning_candidate,agent_standard_candidate_not_national_standard,NOT_SCORED_AGENT_STANDARD_FEATURE_ONLY,MISSING_DECOMPOSITION_COMPONENTS;MISSING_STRUCTURE,True,True,False,False,False,human_review_or_agent_rule_learning_design_only,未审核,,,,,,,
review_prior_low_medium:013,㪘,U+3A98,15000,28305,28303,CJK Unified Ideographs Extension A,review_prior_low_medium,agent_standard_rule_learning_candidate,agent_standard_candidate_not_national_standard,NOT_SCORED_AGENT_STANDARD_FEATURE_ONLY,MISSING_DECOMPOSITION_COMPONENTS;MISSING_STRUCTURE,True,True,False,False,False,human_review_or_agent_rule_learning_design_only,未审核,,,,,,,
review_prior_low_medium:014,㬻,U+3B3B,15163,30984,30982,CJK Unified Ideographs Extension A,review_prior_low_medium,agent_standard_rule_learning_candidate,agent_standard_candidate_not_national_standard,NOT_SCORED_AGENT_STANDARD_FEATURE_ONLY,MISSING_DECOMPOSITION_COMPONENTS;MISSING_STRUCTURE,True,True,False,False,False,human_review_or_agent_rule_learning_design_only,未审核,,,,,,,
review_prior_low_medium:015,㯗,U+3BD7,15319,31744,31742,CJK Unified Ideographs Extension A,review_prior_low_medium,agent_standard_rule_learning_candidate,agent_standard_candidate_not_national_standard,NOT_SCORED_AGENT_STANDARD_FEATURE_ONLY,MISSING_DECOMPOSITION_COMPONENTS;MISSING_STRUCTURE,True,True,False,False,False,human_review_or_agent_rule_learning_design_only,未审核,,,,,,,
review_prior_low_medium:016,㱜,U+3C5C,15452,35274,35272,CJK Unified Ideographs Extension A,review_prior_low_medium,agent_standard_rule_learning_candidate,agent_standard_candidate_not_national_standard,NOT_SCORED_AGENT_STANDARD_FEATURE_ONLY,MISSING_DECOMPOSITION_COMPONENTS;MISSING_STRUCTURE,True,True,False,False,False,human_review_or_agent_rule_learning_design_only,未审核,,,,,,,
review_prior_low_medium:017,㳶,U+3CF6,15606,37117,37115,CJK Unified Ideographs Extension A,review_prior_low_medium,agent_standard_rule_learning_candidate,agent_standard_candidate_not_national_standard,NOT_SCORED_AGENT_STANDARD_FEATURE_ONLY,MISSING_DECOMPOSITION_COMPONENTS;MISSING_STRUCTURE,True,True,False,False,False,human_review_or_agent_rule_learning_design_only,未审核,,,,,,,
review_prior_low_medium:018,㶘,U+3D98,15768,37277,37275,CJK Unified Ideographs Extension A,review_prior_low_medium,agent_standard_rule_learning_candidate,agent_standard_candidate_not_national_standard,NOT_SCORED_AGENT_STANDARD_FEATURE_ONLY,MISSING_DECOMPOSITION_COMPONENTS;MISSING_STRUCTURE,True,True,False,False,False,human_review_or_agent_rule_learning_design_only,未审核,,,,,,,
review_prior_low_medium:019,㸹,U+3E39,15929,43086,43084,CJK Unified Ideographs Extension A,review_prior_low_medium,agent_standard_rule_learning_candidate,agent_standard_candidate_not_national_standard,NOT_SCORED_AGENT_STANDARD_FEATURE_ONLY,MISSING_DECOMPOSITION_COMPONENTS;MISSING_STRUCTURE,True,True,False,False,False,human_review_or_agent_rule_learning_design_only,未审核,,,,,,,
review_prior_low_medium:020,㻇,U+3EC7,16071,44744,44742,CJK Unified Ideographs Extension A,review_prior_low_medium,agent_standard_rule_learning_candidate,agent_standard_candidate_not_national_standard,NOT_SCORED_AGENT_STANDARD_FEATURE_ONLY,MISSING_DECOMPOSITION_COMPONENTS;MISSING_STRUCTURE,True,True,False,False,False,human_review_or_agent_rule_learning_design_only,未审核,,,,,,,
review_prior_low_medium:021,㽋,U+3F4B,16203,46133,46131,CJK Unified Ideographs Extension A,review_prior_low_medium,agent_standard_rule_learning_candidate,agent_standard_candidate_not_national_standard,NOT_SCORED_AGENT_STANDARD_FEATURE_ONLY,MISSING_DECOMPOSITION_COMPONENTS;MISSING_STRUCTURE,True,True,False,False,False,human_review_or_agent_rule_learning_design_only,未审核,,,,,,,
review_prior_low_medium:022,㿍,U+3FCD,16333,47386,47384,CJK Unified Ideographs Extension A,review_prior_low_medium,agent_standard_rule_learning_candidate,agent_standard_candidate_not_national_standard,NOT_SCORED_AGENT_STANDARD_FEATURE_ONLY,MISSING_DECOMPOSITION_COMPONENTS;MISSING_STRUCTURE,True,True,False,False,False,human_review_or_agent_rule_learning_design_only,未审核,,,,,,,
review_prior_low_medium:023,䁏,U+404F,16463,49315,49313,CJK Unified Ideographs Extension A,review_prior_low_medium,agent_standard_rule_learning_candidate,agent_standard_candidate_not_national_standard,NOT_SCORED_AGENT_STANDARD_FEATURE_ONLY,MISSING_DECOMPOSITION_COMPONENTS;MISSING_STRUCTURE,True,True,False,False,False,human_review_or_agent_rule_learning_design_only,未审核,,,,,,,
review_prior_low_medium:024,䃃,U+40C3,16579,50942,50940,CJK Unified Ideographs Extension A,review_prior_low_medium,agent_standard_rule_learning_candidate,agent_standard_candidate_not_national_standard,NOT_SCORED_AGENT_STANDARD_FEATURE_ONLY,MISSING_DECOMPOSITION_COMPONENTS;MISSING_STRUCTURE,True,True,False,False,False,human_review_or_agent_rule_learning_design_only,未审核,,,,,,,
review_prior_low_medium:025,䅅,U+4145,16709,52942,52940,CJK Unified Ideographs Extension A,review_prior_low_medium,agent_standard_rule_learning_candidate,agent_standard_candidate_not_national_standard,NOT_SCORED_AGENT_STANDARD_FEATURE_ONLY,MISSING_DECOMPOSITION_COMPONENTS;MISSING_STRUCTURE,True,True,False,False,False,human_review_or_agent_rule_learning_design_only,未审核,,,,,,,
review_prior_low_medium:026,䇂,U+41C2,16834,54476,54474,CJK Unified Ideographs Extension A,review_prior_low_medium,agent_standard_rule_learning_candidate,agent_standard_candidate_not_national_standard,NOT_SCORED_AGENT_STANDARD_FEATURE_ONLY,MISSING_DECOMPOSITION_COMPONENTS;MISSING_STRUCTURE,True,True,False,False,False,human_review_or_agent_rule_learning_design_only,未审核,,,,,,,
review_prior_low_medium:027,䈿,U+423F,16959,54986,54984,CJK Unified Ideographs Extension A,review_prior_low_medium,agent_standard_rule_learning_candidate,agent_standard_candidate_not_national_standard,NOT_SCORED_AGENT_STANDARD_FEATURE_ONLY,MISSING_DECOMPOSITION_COMPONENTS;MISSING_STRUCTURE,True,True,False,False,False,human_review_or_agent_rule_learning_design_only,未审核,,,,,,,
review_prior_low_medium:028,䊮,U+42AE,17070,56676,56674,CJK Unified Ideographs Extension A,review_prior_low_medium,agent_standard_rule_learning_candidate,agent_standard_candidate_not_national_standard,NOT_SCORED_AGENT_STANDARD_FEATURE_ONLY,MISSING_DECOMPOSITION_COMPONENTS;MISSING_STRUCTURE,True,True,False,False,False,human_review_or_agent_rule_learning_design_only,未审核,,,,,,,
review_prior_low_medium:029,䌭,U+432D,17197,57698,57696,CJK Unified Ideographs Extension A,review_prior_low_medium,agent_standard_rule_learning_candidate,agent_standard_candidate_not_national_standard,NOT_SCORED_AGENT_STANDARD_FEATURE_ONLY,MISSING_DECOMPOSITION_COMPONENTS;MISSING_STRUCTURE,True,True,False,False,False,human_review_or_agent_rule_learning_design_only,未审核,,,,,,,
review_prior_low_medium:030,䎵,U+43B5,17333,60881,60879,CJK Unified Ideographs Extension A,review_prior_low_medium,agent_standard_rule_learning_candidate,agent_standard_candidate_not_national_standard,NOT_SCORED_AGENT_STANDARD_FEATURE_ONLY,MISSING_DECOMPOSITION_COMPONENTS;MISSING_STRUCTURE,True,True,False,False,False,human_review_or_agent_rule_learning_design_only,未审核,,,,,,,
review_prior_low_medium:031,䐪,U+442A,17450,61580,61578,CJK Unified Ideographs Extension A,review_prior_low_medium,agent_standard_rule_learning_candidate,agent_standard_candidate_not_national_standard,NOT_SCORED_AGENT_STANDARD_FEATURE_ONLY,MISSING_DECOMPOSITION_COMPONENTS;MISSING_STRUCTURE,True,True,False,False,False,human_review_or_agent_rule_learning_design_only,未审核,,,,,,,
review_prior_low_medium:032,䒥,U+44A5,17573,64267,64265,CJK Unified Ideographs Extension A,review_prior_low_medium,agent_standard_rule_learning_candidate,agent_standard_candidate_not_national_standard,NOT_SCORED_AGENT_STANDARD_FEATURE_ONLY,MISSING_DECOMPOSITION_COMPONENTS;MISSING_STRUCTURE,True,True,False,False,False,human_review_or_agent_rule_learning_design_only,未审核,,,,,,,
review_prior_low_medium:033,䔪,U+452A,17706,64395,64393,CJK Unified Ideographs Extension A,review_prior_low_medium,agent_standard_rule_learning_candidate,agent_standard_candidate_not_national_standard,NOT_SCORED_AGENT_STANDARD_FEATURE_ONLY,MISSING_DECOMPOSITION_COMPONENTS;MISSING_STRUCTURE,True,True,False,False,False,human_review_or_agent_rule_learning_design_only,未审核,,,,,,,
review_prior_low_medium:034,䖯,U+45AF,17839,68214,68212,CJK Unified Ideographs Extension A,review_prior_low_medium,agent_standard_rule_learning_candidate,agent_standard_candidate_not_national_standard,NOT_SCORED_AGENT_STANDARD_FEATURE_ONLY,MISSING_DECOMPOSITION_COMPONENTS;MISSING_STRUCTURE,True,True,False,False,False,human_review_or_agent_rule_learning_design_only,未审核,,,,,,,
review_prior_low_medium:035,䘾,U+463E,17982,70212,70210,CJK Unified Ideographs Extension A,review_prior_low_medium,agent_standard_rule_learning_candidate,agent_standard_candidate_not_national_standard,NOT_SCORED_AGENT_STANDARD_FEATURE_ONLY,MISSING_DECOMPOSITION_COMPONENTS;MISSING_STRUCTURE,True,True,False,False,False,human_review_or_agent_rule_learning_design_only,未审核,,,,,,,
review_prior_low_medium:036,䚵,U+46B5,18101,72102,72100,CJK Unified Ideographs Extension A,review_prior_low_medium,agent_standard_rule_learning_candidate,agent_standard_candidate_not_national_standard,NOT_SCORED_AGENT_STANDARD_FEATURE_ONLY,MISSING_DECOMPOSITION_COMPONENTS;MISSING_STRUCTURE,True,True,False,False,False,human_review_or_agent_rule_learning_design_only,未审核,,,,,,,
review_prior_low_medium:037,䜻,U+473B,18235,73806,73804,CJK Unified Ideographs Extension A,review_prior_low_medium,agent_standard_rule_learning_candidate,agent_standard_candidate_not_national_standard,NOT_SCORED_AGENT_STANDARD_FEATURE_ONLY,MISSING_DECOMPOSITION_COMPONENTS;MISSING_STRUCTURE,True,True,False,False,False,human_review_or_agent_rule_learning_design_only,未审核,,,,,,,
review_prior_low_medium:038,䞹,U+47B9,18361,75291,75289,CJK Unified Ideographs Extension A,review_prior_low_medium,agent_standard_rule_learning_candidate,agent_standard_candidate_not_national_standard,NOT_SCORED_AGENT_STANDARD_FEATURE_ONLY,MISSING_DECOMPOSITION_COMPONENTS;MISSING_STRUCTURE,True,True,False,False,False,human_review_or_agent_rule_learning_design_only,未审核,,,,,,,
review_prior_low_medium:039,䠰,U+4830,18480,75954,75952,CJK Unified Ideographs Extension A,review_prior_low_medium,agent_standard_rule_learning_candidate,agent_standard_candidate_not_national_standard,NOT_SCORED_AGENT_STANDARD_FEATURE_ONLY,MISSING_DECOMPOSITION_COMPONENTS;MISSING_STRUCTURE,True,True,False,False,False,human_review_or_agent_rule_learning_design_only,未审核,,,,,,,
review_prior_low_medium:040,䢥,U+48A5,18597,78482,78480,CJK Unified Ideographs Extension A,review_prior_low_medium,agent_standard_rule_learning_candidate,agent_standard_candidate_not_national_standard,NOT_SCORED_AGENT_STANDARD_FEATURE_ONLY,MISSING_DECOMPOSITION_COMPONENTS;MISSING_STRUCTURE,True,True,False,False,False,human_review_or_agent_rule_learning_design_only,未审核,,,,,,,
review_prior_low_medium:041,䤚,U+491A,18714,80987,80985,CJK Unified Ideographs Extension A,review_prior_low_medium,agent_standard_rule_learning_candidate,agent_standard_candidate_not_national_standard,NOT_SCORED_AGENT_STANDARD_FEATURE_ONLY,MISSING_DECOMPOSITION_COMPONENTS;MISSING_STRUCTURE,True,True,False,False,False,human_review_or_agent_rule_learning_design_only,未审核,,,,,,,
review_prior_low_medium:042,䦲,U+49B2,18866,83973,83971,CJK Unified Ideographs Extension A,review_prior_low_medium,agent_standard_rule_learning_candidate,agent_standard_candidate_not_national_standard,NOT_SCORED_AGENT_STANDARD_FEATURE_ONLY,MISSING_DECOMPOSITION_COMPONENTS;MISSING_STRUCTURE,True,True,False,False,False,human_review_or_agent_rule_learning_design_only,未审核,,,,,,,
review_prior_low_medium:043,䨽,U+4A3D,19005,86569,86567,CJK Unified Ideographs Extension A,review_prior_low_medium,agent_standard_rule_learning_candidate,agent_standard_candidate_not_national_standard,NOT_SCORED_AGENT_STANDARD_FEATURE_ONLY,MISSING_DECOMPOSITION_COMPONENTS;MISSING_STRUCTURE,True,True,False,False,False,human_review_or_agent_rule_learning_design_only,未审核,,,,,,,
review_prior_low_medium:044,䪷,U+4AB7,19127,87714,87712,CJK Unified Ideographs Extension A,review_prior_low_medium,agent_standard_rule_learning_candidate,agent_standard_candidate_not_national_standard,NOT_SCORED_AGENT_STANDARD_FEATURE_ONLY,MISSING_DECOMPOSITION_COMPONENTS;MISSING_STRUCTURE,True,True,False,False,False,human_review_or_agent_rule_learning_design_only,未审核,,,,,,,
review_prior_low_medium:045,䬱,U+4B31,19249,88934,88932,CJK Unified Ideographs Extension A,review_prior_low_medium,agent_standard_rule_learning_candidate,agent_standard_candidate_not_national_standard,NOT_SCORED_AGENT_STANDARD_FEATURE_ONLY,MISSING_DECOMPOSITION_COMPONENTS;MISSING_STRUCTURE,True,True,False,False,False,human_review_or_agent_rule_learning_design_only,未审核,,,,,,,
review_prior_low_medium:046,䮧,U+4BA7,19367,90058,90056,CJK Unified Ideographs Extension A,review_prior_low_medium,agent_standard_rule_learning_candidate,agent_standard_candidate_not_national_standard,NOT_SCORED_AGENT_STANDARD_FEATURE_ONLY,MISSING_DECOMPOSITION_COMPONENTS;MISSING_STRUCTURE,True,True,False,False,False,human_review_or_agent_rule_learning_design_only,未审核,,,,,,,
review_prior_low_medium:047,䰥,U+4C25,19493,92034,92032,CJK Unified Ideographs Extension A,review_prior_low_medium,agent_standard_rule_learning_candidate,agent_standard_candidate_not_national_standard,NOT_SCORED_AGENT_STANDARD_FEATURE_ONLY,MISSING_DECOMPOSITION_COMPONENTS;MISSING_STRUCTURE,True,True,False,False,False,human_review_or_agent_rule_learning_design_only,未审核,,,,,,,
review_prior_low_medium:048,䲯,U+4CAF,19631,93977,93975,CJK Unified Ideographs Extension A,review_prior_low_medium,agent_standard_rule_learning_candidate,agent_standard_candidate_not_national_standard,NOT_SCORED_AGENT_STANDARD_FEATURE_ONLY,MISSING_DECOMPOSITION_COMPONENTS;MISSING_STRUCTURE,True,True,False,False,False,human_review_or_agent_rule_learning_design_only,未审核,,,,,,,
review_prior_low_medium:049,䴶,U+4D36,19766,95896,95894,CJK Unified Ideographs Extension A,review_prior_low_medium,agent_standard_rule_learning_candidate,agent_standard_candidate_not_national_standard,NOT_SCORED_AGENT_STANDARD_FEATURE_ONLY,MISSING_DECOMPOSITION_COMPONENTS;MISSING_STRUCTURE,True,True,False,False,False,human_review_or_agent_rule_learning_design_only,未审核,,,,,,,
review_prior_low_medium:050,䶴,U+4DB4,19892,97661,97659,CJK Unified Ideographs Extension A,review_prior_low_medium,agent_standard_rule_learning_candidate,agent_standard_candidate_not_national_standard,NOT_SCORED_AGENT_STANDARD_FEATURE_ONLY,MISSING_DECOMPOSITION_COMPONENTS;MISSING_STRUCTURE,True,True,False,False,False,human_review_or_agent_rule_learning_design_only,未审核,,,,,,,
review_prior_low:001,𠀁,U+20001,131073,52,50,CJK Unified Ideographs Extension B,review_prior_low,agent_standard_extension_review_candidate,agent_standard_candidate_not_national_standard,NOT_SCORED_AGENT_STANDARD_FEATURE_ONLY,MISSING_DECOMPOSITION_COMPONENTS;MISSING_STRUCTURE,True,True,False,False,False,human_review_or_agent_rule_learning_design_only,未审核,,,,,,,
review_prior_low:002,𠏤,U+203E4,132068,2470,2468,CJK Unified Ideographs Extension B,review_prior_low,agent_standard_extension_review_candidate,agent_standard_candidate_not_national_standard,NOT_SCORED_AGENT_STANDARD_FEATURE_ONLY,MISSING_DECOMPOSITION_COMPONENTS;MISSING_STRUCTURE,True,True,False,False,False,human_review_or_agent_rule_learning_design_only,未审核,,,,,,,
review_prior_low:003,𠘇,U+20607,132615,4084,4082,CJK Unified Ideographs Extension B,review_prior_low,agent_standard_extension_review_candidate,agent_standard_candidate_not_national_standard,NOT_SCORED_AGENT_STANDARD_FEATURE_ONLY,MISSING_DECOMPOSITION_COMPONENTS;MISSING_STRUCTURE,True,True,False,False,False,human_review_or_agent_rule_learning_design_only,未审核,,,,,,,
review_prior_low:004,𠤪,U+2092A,133418,5897,5895,CJK Unified Ideographs Extension B,review_prior_low,agent_standard_extension_review_candidate,agent_standard_candidate_not_national_standard,NOT_SCORED_AGENT_STANDARD_FEATURE_ONLY,MISSING_DECOMPOSITION_COMPONENTS;MISSING_STRUCTURE,True,True,False,False,False,human_review_or_agent_rule_learning_design_only,未审核,,,,,,,
review_prior_low:005,𠳎,U+20CCE,134350,8525,8523,CJK Unified Ideographs Extension B,review_prior_low,agent_standard_extension_review_candidate,agent_standard_candidate_not_national_standard,NOT_SCORED_AGENT_STANDARD_FEATURE_ONLY,MISSING_DECOMPOSITION_COMPONENTS;MISSING_STRUCTURE,True,True,False,False,False,human_review_or_agent_rule_learning_design_only,未审核,,,,,,,
review_prior_low:006,𫪘,U+2BA98,178840,9955,9953,CJK Unified Ideographs Extension E,review_prior_low,agent_standard_extension_review_candidate,agent_standard_candidate_not_national_standard,NOT_SCORED_AGENT_STANDARD_FEATURE_ONLY,MISSING_DECOMPOSITION_COMPONENTS;MISSING_STRUCTURE,True,True,False,False,False,human_review_or_agent_rule_learning_design_only,未审核,,,,,,,
review_prior_low:007,𡌄,U+21304,135940,12015,12013,CJK Unified Ideographs Extension B,review_prior_low,agent_standard_extension_review_candidate,agent_standard_candidate_not_national_standard,NOT_SCORED_AGENT_STANDARD_FEATURE_ONLY,MISSING_DECOMPOSITION_COMPONENTS;MISSING_STRUCTURE,True,True,False,False,False,human_review_or_agent_rule_learning_design_only,未审核,,,,,,,
review_prior_low:008,𡗇,U+215C7,136647,13543,13541,CJK Unified Ideographs Extension B,review_prior_low,agent_standard_extension_review_candidate,agent_standard_candidate_not_national_standard,NOT_SCORED_AGENT_STANDARD_FEATURE_ONLY,MISSING_DECOMPOSITION_COMPONENTS;MISSING_STRUCTURE,True,True,False,False,False,human_review_or_agent_rule_learning_design_only,未审核,,,,,,,
review_prior_low:009,𭒭,U+2D4AD,185517,15700,15698,CJK Unified Ideographs Extension F,review_prior_low,agent_standard_extension_review_candidate,agent_standard_candidate_not_national_standard,NOT_SCORED_AGENT_STANDARD_FEATURE_ONLY,MISSING_DECOMPOSITION_COMPONENTS;MISSING_STRUCTURE,True,True,False,False,False,human_review_or_agent_rule_learning_design_only,未审核,,,,,,,
review_prior_low:010,𡰑,U+21C11,138257,17431,17429,CJK Unified Ideographs Extension B,review_prior_low,agent_standard_extension_review_candidate,agent_standard_candidate_not_national_standard,NOT_SCORED_AGENT_STANDARD_FEATURE_ONLY,MISSING_DECOMPOSITION_COMPONENTS;MISSING_STRUCTURE,True,True,False,False,False,human_review_or_agent_rule_learning_design_only,未审核,,,,,,,
review_prior_low:011,𰎪,U+303AA,197546,19451,19449,CJK Unified Ideographs Extension G,review_prior_low,agent_standard_extension_review_candidate,agent_standard_candidate_not_national_standard,NOT_SCORED_AGENT_STANDARD_FEATURE_ONLY,MISSING_DECOMPOSITION_COMPONENTS;MISSING_STRUCTURE,True,True,False,False,False,human_review_or_agent_rule_learning_design_only,未审核,,,,,,,
review_prior_low:012,𫸓,U+2BE13,179731,21279,21277,CJK Unified Ideographs Extension E,review_prior_low,agent_standard_extension_review_candidate,agent_standard_candidate_not_national_standard,NOT_SCORED_AGENT_STANDARD_FEATURE_ONLY,MISSING_DECOMPOSITION_COMPONENTS;MISSING_STRUCTURE,True,True,False,False,False,human_review_or_agent_rule_learning_design_only,未审核,,,,,,,
review_prior_low:013,𢝚,U+2275A,141146,23754,23752,CJK Unified Ideographs Extension B,review_prior_low,agent_standard_extension_review_candidate,agent_standard_candidate_not_national_standard,NOT_SCORED_AGENT_STANDARD_FEATURE_ONLY,MISSING_DECOMPOSITION_COMPONENTS;MISSING_STRUCTURE,True,True,False,False,False,human_review_or_agent_rule_learning_design_only,未审核,,,,,,,
review_prior_low:014,𫻪,U+2BEEA,179946,25227,25225,CJK Unified Ideographs Extension E,review_prior_low,agent_standard_extension_review_candidate,agent_standard_candidate_not_national_standard,NOT_SCORED_AGENT_STANDARD_FEATURE_ONLY,MISSING_DECOMPOSITION_COMPONENTS;MISSING_STRUCTURE,True,True,False,False,False,human_review_or_agent_rule_learning_design_only,未审核,,,,,,,
review_prior_low:015,𫼬,U+2BF2C,180012,27595,27593,CJK Unified Ideographs Extension E,review_prior_low,agent_standard_extension_review_candidate,agent_standard_candidate_not_national_standard,NOT_SCORED_AGENT_STANDARD_FEATURE_ONLY,MISSING_DECOMPOSITION_COMPONENTS;MISSING_STRUCTURE,True,True,False,False,False,human_review_or_agent_rule_learning_design_only,未审核,,,,,,,
review_prior_low:016,𱡩,U+31869,202857,29207,29205,CJK Unified Ideographs Extension H,review_prior_low,agent_standard_extension_review_candidate,agent_standard_candidate_not_national_standard,NOT_SCORED_AGENT_STANDARD_FEATURE_ONLY,MISSING_DECOMPOSITION_COMPONENTS;MISSING_STRUCTURE,True,True,False,False,False,human_review_or_agent_rule_learning_design_only,未审核,,,,,,,
review_prior_low:017,𬁱,U+2C071,180337,31126,31124,CJK Unified Ideographs Extension E,review_prior_low,agent_standard_extension_review_candidate,agent_standard_candidate_not_national_standard,NOT_SCORED_AGENT_STANDARD_FEATURE_ONLY,MISSING_DECOMPOSITION_COMPONENTS;MISSING_STRUCTURE,True,True,False,False,False,human_review_or_agent_rule_learning_design_only,未审核,,,,,,,
review_prior_low:018,𪳭,U+2ACED,175341,33828,33826,CJK Unified Ideographs Extension C,review_prior_low,agent_standard_extension_review_candidate,agent_standard_candidate_not_national_standard,NOT_SCORED_AGENT_STANDARD_FEATURE_ONLY,MISSING_DECOMPOSITION_COMPONENTS;MISSING_STRUCTURE,True,True,False,False,False,human_review_or_agent_rule_learning_design_only,未审核,,,,,,,
review_prior_low:019,𣨳,U+23A33,145971,35470,35468,CJK Unified Ideographs Extension B,review_prior_low,agent_standard_extension_review_candidate,agent_standard_candidate_not_national_standard,NOT_SCORED_AGENT_STANDARD_FEATURE_ONLY,MISSING_DECOMPOSITION_COMPONENTS;MISSING_STRUCTURE,True,True,False,False,False,human_review_or_agent_rule_learning_design_only,未审核,,,,,,,
review_prior_low:020,𣹺,U+23E7A,147066,38413,38411,CJK Unified Ideographs Extension B,review_prior_low,agent_standard_extension_review_candidate,agent_standard_candidate_not_national_standard,NOT_SCORED_AGENT_STANDARD_FEATURE_ONLY,MISSING_DECOMPOSITION_COMPONENTS;MISSING_STRUCTURE,True,True,False,False,False,human_review_or_agent_rule_learning_design_only,未审核,,,,,,,
review_prior_low:021,𰛣,U+306E3,198371,39837,39835,CJK Unified Ideographs Extension G,review_prior_low,agent_standard_extension_review_candidate,agent_standard_candidate_not_national_standard,NOT_SCORED_AGENT_STANDARD_FEATURE_ONLY,MISSING_DECOMPOSITION_COMPONENTS;MISSING_STRUCTURE,True,True,False,False,False,human_review_or_agent_rule_learning_design_only,未审核,,,,,,,
review_prior_low:022,𬉽,U+2C27D,180861,41870,41868,CJK Unified Ideographs Extension E,review_prior_low,agent_standard_extension_review_candidate,agent_standard_candidate_not_national_standard,NOT_SCORED_AGENT_STANDARD_FEATURE_ONLY,MISSING_DECOMPOSITION_COMPONENTS;MISSING_STRUCTURE,True,True,False,False,False,human_review_or_agent_rule_learning_design_only,未审核,,,,,,,
review_prior_low:023,𭷩,U+2DDE9,187881,43485,43483,CJK Unified Ideographs Extension F,review_prior_low,agent_standard_extension_review_candidate,agent_standard_candidate_not_national_standard,NOT_SCORED_AGENT_STANDARD_FEATURE_ONLY,MISSING_DECOMPOSITION_COMPONENTS;MISSING_STRUCTURE,True,True,False,False,False,human_review_or_agent_rule_learning_design_only,未审核,,,,,,,
review_prior_low:024,𭹋,U+2DE4B,187979,45699,45697,CJK Unified Ideographs Extension F,review_prior_low,agent_standard_extension_review_candidate,agent_standard_candidate_not_national_standard,NOT_SCORED_AGENT_STANDARD_FEATURE_ONLY,MISSING_DECOMPOSITION_COMPONENTS;MISSING_STRUCTURE,True,True,False,False,False,human_review_or_agent_rule_learning_design_only,未审核,,,,,,,
review_prior_low:025,𤷭,U+24DED,151021,47728,47726,CJK Unified Ideographs Extension B,review_prior_low,agent_standard_extension_review_candidate,agent_standard_candidate_not_national_standard,NOT_SCORED_AGENT_STANDARD_FEATURE_ONLY,MISSING_DECOMPOSITION_COMPONENTS;MISSING_STRUCTURE,True,True,False,False,False,human_review_or_agent_rule_learning_design_only,未审核,,,,,,,
review_prior_low:026,𥅩,U+25169,151913,49660,49658,CJK Unified Ideographs Extension B,review_prior_low,agent_standard_extension_review_candidate,agent_standard_candidate_not_national_standard,NOT_SCORED_AGENT_STANDARD_FEATURE_ONLY,MISSING_DECOMPOSITION_COMPONENTS;MISSING_STRUCTURE,True,True,False,False,False,human_review_or_agent_rule_learning_design_only,未审核,,,,,,,
review_prior_low:027,𥕷,U+25577,152951,51557,51555,CJK Unified Ideographs Extension B,review_prior_low,agent_standard_extension_review_candidate,agent_standard_candidate_not_national_standard,NOT_SCORED_AGENT_STANDARD_FEATURE_ONLY,MISSING_DECOMPOSITION_COMPONENTS;MISSING_STRUCTURE,True,True,False,False,False,human_review_or_agent_rule_learning_design_only,未审核,,,,,,,
review_prior_low:028,𥡷,U+25877,153719,53443,53441,CJK Unified Ideographs Extension B,review_prior_low,agent_standard_extension_review_candidate,agent_standard_candidate_not_national_standard,NOT_SCORED_AGENT_STANDARD_FEATURE_ONLY,MISSING_DECOMPOSITION_COMPONENTS;MISSING_STRUCTURE,True,True,False,False,False,human_review_or_agent_rule_learning_design_only,未审核,,,,,,,
review_prior_low:029,𥰆,U+25C06,154630,55598,55596,CJK Unified Ideographs Extension B,review_prior_low,agent_standard_extension_review_candidate,agent_standard_candidate_not_national_standard,NOT_SCORED_AGENT_STANDARD_FEATURE_ONLY,MISSING_DECOMPOSITION_COMPONENTS;MISSING_STRUCTURE,True,True,False,False,False,human_review_or_agent_rule_learning_design_only,未审核,,,,,,,
review_prior_low:030,𬖮,U+2C5AE,181678,57203,57201,CJK Unified Ideographs Extension E,review_prior_low,agent_standard_extension_review_candidate,agent_standard_candidate_not_national_standard,NOT_SCORED_AGENT_STANDARD_FEATURE_ONLY,MISSING_DECOMPOSITION_COMPONENTS;MISSING_STRUCTURE,True,True,False,False,False,human_review_or_agent_rule_learning_design_only,未审核,,,,,,,
review_prior_low:031,𦉜,U+2625C,156252,59416,59414,CJK Unified Ideographs Extension B,review_prior_low,agent_standard_extension_review_candidate,agent_standard_candidate_not_national_standard,NOT_SCORED_AGENT_STANDARD_FEATURE_ONLY,MISSING_DECOMPOSITION_COMPONENTS;MISSING_STRUCTURE,True,True,False,False,False,human_review_or_agent_rule_learning_design_only,未审核,,,,,,,
review_prior_low:032,𰭷,U+30B77,199543,61265,61263,CJK Unified Ideographs Extension G,review_prior_low,agent_standard_extension_review_candidate,agent_standard_candidate_not_national_standard,NOT_SCORED_AGENT_STANDARD_FEATURE_ONLY,MISSING_DECOMPOSITION_COMPONENTS;MISSING_STRUCTURE,True,True,False,False,False,human_review_or_agent_rule_learning_design_only,未审核,,,,,,,
review_prior_low:033,𮍭,U+2E36D,189293,63211,63209,CJK Unified Ideographs Extension F,review_prior_low,agent_standard_extension_review_candidate,agent_standard_candidate_not_national_standard,NOT_SCORED_AGENT_STANDARD_FEATURE_ONLY,MISSING_DECOMPOSITION_COMPONENTS;MISSING_STRUCTURE,True,True,False,False,False,human_review_or_agent_rule_learning_design_only,未审核,,,,,,,
review_prior_low:034,𦺱,U+26EB1,159409,66039,66037,CJK Unified Ideographs Extension B,review_prior_low,agent_standard_extension_review_candidate,agent_standard_candidate_not_national_standard,NOT_SCORED_AGENT_STANDARD_FEATURE_ONLY,MISSING_DECOMPOSITION_COMPONENTS;MISSING_STRUCTURE,True,True,False,False,False,human_review_or_agent_rule_learning_design_only,未审核,,,,,,,
review_prior_low:035,𮒿,U+2E4BF,189631,67460,67458,CJK Unified Ideographs Extension F,review_prior_low,agent_standard_extension_review_candidate,agent_standard_candidate_not_national_standard,NOT_SCORED_AGENT_STANDARD_FEATURE_ONLY,MISSING_DECOMPOSITION_COMPONENTS;MISSING_STRUCTURE,True,True,False,False,False,human_review_or_agent_rule_learning_design_only,未审核,,,,,,,
review_prior_low:036,𫊹,U+2B2B9,176825,69535,69533,CJK Unified Ideographs Extension C,review_prior_low,agent_standard_extension_review_candidate,agent_standard_candidate_not_national_standard,NOT_SCORED_AGENT_STANDARD_FEATURE_ONLY,MISSING_DECOMPOSITION_COMPONENTS;MISSING_STRUCTURE,True,True,False,False,False,human_review_or_agent_rule_learning_design_only,未审核,,,,,,,
review_prior_low:037,𧡱,U+27871,161905,71480,71478,CJK Unified Ideographs Extension B,review_prior_low,agent_standard_extension_review_candidate,agent_standard_candidate_not_national_standard,NOT_SCORED_AGENT_STANDARD_FEATURE_ONLY,MISSING_DECOMPOSITION_COMPONENTS;MISSING_STRUCTURE,True,True,False,False,False,human_review_or_agent_rule_learning_design_only,未审核,,,,,,,
review_prior_low:038,𲂔,U+32094,204948,73693,73691,CJK Unified Ideographs Extension H,review_prior_low,agent_standard_extension_review_candidate,agent_standard_candidate_not_national_standard,NOT_SCORED_AGENT_STANDARD_FEATURE_ONLY,MISSING_DECOMPOSITION_COMPONENTS;MISSING_STRUCTURE,True,True,False,False,False,human_review_or_agent_rule_learning_design_only,未审核,,,,,,,
review_prior_low:039,𫎶,U+2B3B6,177078,75678,75676,CJK Unified Ideographs Extension C,review_prior_low,agent_standard_extension_review_candidate,agent_standard_candidate_not_national_standard,NOT_SCORED_AGENT_STANDARD_FEATURE_ONLY,MISSING_DECOMPOSITION_COMPONENTS;MISSING_STRUCTURE,True,True,False,False,False,human_review_or_agent_rule_learning_design_only,未审核,,,,,,,
review_prior_low:040,𨍀,U+28340,164672,77763,77761,CJK Unified Ideographs Extension B,review_prior_low,agent_standard_extension_review_candidate,agent_standard_candidate_not_national_standard,NOT_SCORED_AGENT_STANDARD_FEATURE_ONLY,MISSING_DECOMPOSITION_COMPONENTS;MISSING_STRUCTURE,True,True,False,False,False,human_review_or_agent_rule_learning_design_only,未审核,,,,,,,
review_prior_low:041,𲅞,U+3215E,205150,79479,79477,CJK Unified Ideographs Extension H,review_prior_low,agent_standard_extension_review_candidate,agent_standard_candidate_not_national_standard,NOT_SCORED_AGENT_STANDARD_FEATURE_ONLY,MISSING_DECOMPOSITION_COMPONENTS;MISSING_STRUCTURE,True,True,False,False,False,human_review_or_agent_rule_learning_design_only,未审核,,,,,,,
review_prior_low:042,𨩜,U+28A5C,166492,82427,82425,CJK Unified Ideographs Extension B,review_prior_low,agent_standard_extension_review_candidate,agent_standard_candidate_not_national_standard,NOT_SCORED_AGENT_STANDARD_FEATURE_ONLY,MISSING_DECOMPOSITION_COMPONENTS;MISSING_STRUCTURE,True,True,False,False,False,human_review_or_agent_rule_learning_design_only,未审核,,,,,,,
review_prior_low:043,𨳾,U+28CFE,167166,84142,84140,CJK Unified Ideographs Extension B,review_prior_low,agent_standard_extension_review_candidate,agent_standard_candidate_not_national_standard,NOT_SCORED_AGENT_STANDARD_FEATURE_ONLY,MISSING_DECOMPOSITION_COMPONENTS;MISSING_STRUCTURE,True,True,False,False,False,human_review_or_agent_rule_learning_design_only,未审核,,,,,,,
review_prior_low:044,𩂂,U+29082,168066,85994,85992,CJK Unified Ideographs Extension B,review_prior_low,agent_standard_extension_review_candidate,agent_standard_candidate_not_national_standard,NOT_SCORED_AGENT_STANDARD_FEATURE_ONLY,MISSING_DECOMPOSITION_COMPONENTS;MISSING_STRUCTURE,True,True,False,False,False,human_review_or_agent_rule_learning_design_only,未审核,,,,,,,
review_prior_low:045,𩑽,U+2947D,169085,87948,87946,CJK Unified Ideographs Extension B,review_prior_low,agent_standard_extension_review_candidate,agent_standard_candidate_not_national_standard,NOT_SCORED_AGENT_STANDARD_FEATURE_ONLY,MISSING_DECOMPOSITION_COMPONENTS;MISSING_STRUCTURE,True,True,False,False,False,human_review_or_agent_rule_learning_design_only,未审核,,,,,,,
review_prior_low:046,𲋟,U+322DF,205535,89736,89734,CJK Unified Ideographs Extension H,review_prior_low,agent_standard_extension_review_candidate,agent_standard_candidate_not_national_standard,NOT_SCORED_AGENT_STANDARD_FEATURE_ONLY,MISSING_DECOMPOSITION_COMPONENTS;MISSING_STRUCTURE,True,True,False,False,False,human_review_or_agent_rule_learning_design_only,未审核,,,,,,,
review_prior_low:047,𩯽,U+29BFD,171005,91751,91749,CJK Unified Ideographs Extension B,review_prior_low,agent_standard_extension_review_candidate,agent_standard_candidate_not_national_standard,NOT_SCORED_AGENT_STANDARD_FEATURE_ONLY,MISSING_DECOMPOSITION_COMPONENTS;MISSING_STRUCTURE,True,True,False,False,False,human_review_or_agent_rule_learning_design_only,未审核,,,,,,,
review_prior_low:048,𱈚,U+3121A,201242,93826,93824,CJK Unified Ideographs Extension G,review_prior_low,agent_standard_extension_review_candidate,agent_standard_candidate_not_national_standard,NOT_SCORED_AGENT_STANDARD_FEATURE_ONLY,MISSING_DECOMPOSITION_COMPONENTS;MISSING_STRUCTURE,True,True,False,False,False,human_review_or_agent_rule_learning_design_only,未审核,,,,,,,
review_prior_low:049,𮭹,U+2EB79,191353,95872,95870,CJK Unified Ideographs Extension F,review_prior_low,agent_standard_extension_review_candidate,agent_standard_candidate_not_national_standard,NOT_SCORED_AGENT_STANDARD_FEATURE_ONLY,MISSING_DECOMPOSITION_COMPONENTS;MISSING_STRUCTURE,True,True,False,False,False,human_review_or_agent_rule_learning_design_only,未审核,,,,,,,
review_prior_low:050,𲎯,U+323AF,205743,97687,97685,CJK Unified Ideographs Extension H,review_prior_low,agent_standard_extension_review_candidate,agent_standard_candidate_not_national_standard,NOT_SCORED_AGENT_STANDARD_FEATURE_ONLY,MISSING_DECOMPOSITION_COMPONENTS;MISSING_STRUCTURE,True,True,False,False,False,human_review_or_agent_rule_learning_design_only,未审核,,,,,,,
